"","UA","area.floresta1500","area.floresta1000","area.floresta750","area.floresta500","eucl1500","eucl1000","eucl750","eucl500","X.y","bdodmean","cecmean","claymean","nitrogenmean","phh2omean","sandmean","bio1","bio5","bio4","bio6","bio7","bio12","bio13","bio14","bio15","elev","X (Longitude)","Y (Latitude)","Freq","FT","stage","X","dur_uso_anos","n.changes","freq.fire","forest.type"
"2","10",498.96,228.42,116.64,61.56,180,8100,180,180,3,0.114,1.842,3.825,0.204,0.512,3.445,2926,3007,3258,2837,170,19610,2423,1125,262,35,610962,6783721,71.6670819835534,"Floresta Ombrófila Densa","Estádio Médio de Regeneração",2,14,13,4,"FOD"
"3","15",281.07,161.19,106.92,50.22,201.246117974981,201.246117974981,270,9000,4,0.102,1.808,4.553,0.21,0.513,2.75,2919,3003,3211,2828,175,20194,2540,1102,278,314,611152,6793749,60.9226932668329,"Floresta Ombrófila Densa","Estádio Avançado de Regeneração",3,10,10,2,"FOD"
"4","21",670.68,301.32,169.29,75.33,7020,8010,8550,9000,5,0.107,1.848,4.25,0.216,0.52,2.768,2910,2994,3156,2820,174,20901,2661,1141,280,360,611157,6803667,95.3546453546454,"Floresta Ombrófila Densa","Estádio Médio de Regeneração",4,13,9,1,"FOD"
"6","28",643.95,302.13,168.48,77.76,180,8100,8550,9000,8,0.105,1.848,4.173,0.204,0.51,2.802,2913,2995,3134,2824,171,19708,2523,1147,264,354,611252,6813639,94.4236059014754,"Floresta Ombrófila Densa","Estádio Médio de Regeneração",7,21,9,1,"FOD"
"7","30",92.34,89.91,68.04,40.5,180,180,180,9720.41665773644,9,0.116,1.818,4.022,0.195,0.51,3.302,2927,3009,3227,2837,172,19484,2512,1101,266,70,628812,6813463,36.6616616616617,"Floresta Ombrófila Densa","Estádio Avançado de Regeneração",8,24,16,2,"FOD"
"8","37",633.42,281.88,166.86,76.95,10312.7590876545,11339.2856917885,11843.1245877091,12356.5771959714,11,0.1,2.065,4.645,0.249,0.53,2.345,2910,2991,3104,2822,169,24357,3180,1396,268,398,620128,6823515,83.2455480311011,"Floresta Ombrófila Densa","Estádio Avançado de Regeneração",9,19,9,1,"FOD"
"9","39",229.23,127.98,89.91,49.41,360,360,7579.26117771383,7961.31270582936,12,0.114,1.882,4.257,0.191,0.515,3.235,2928,3011,3273,2837,174,19724,2559,1116,264,96,637858,6823558,41.6020025031289,"Floresta Ombrófila Densa","Estádio Avançado de Regeneração",10,21,16,2,"FOD"
"11","41",75.33,66.42,47.79,33.21,180,201.246117974981,458.911756223351,8280.48911598826,14,0.119,1.925,4.63,0.179,0.508,2.902,2930,3009,3267,2842,167,16397,2028,951,240,35,655399,6823199,24.0680510382787,"Floresta Ombrófila Densa","Estádio Médio de Regeneração",12,13,11,5,"FOD"
"12","47",696.6,313.47,176.58,76.95,6840,7830,8280,8820,15,0.102,1.99,4.265,0.224,0.52,2.96,2905,2987,3089,2817,170,25887,3393,1395,277,441,637830,6833303,100,"Floresta Ombrófila Densa","Estádio Avançado de Regeneração",13,6,6,1,"FOD"
"15","51",42.93,42.93,42.93,38.07,201.246117974981,201.246117974981,201.246117974981,201.246117974981,18,0.119,1.977,4.48,0.189,0.512,2.61,2932,3009,3257,2847,162,15110,1872,868,240,31,672837,6832914,16.9172932330827,"Floresta Ombrófila Densa","Estádio Avançado de Regeneração",16,18,12,2,"FOD"
"17","59",406.62,194.4,105.3,52.65,180,180,180,7292.22188362367,20,0.104,1.738,4.138,0.215,0.495,2.617,2912,2995,3113,2823,172,20801,2775,1139,283,459,655286,6843459,63.6249686638255,"Floresta Ombrófila Densa","Estádio Médio de Regeneração",18,28,11,5,"FOD"
"18","70",331.29,151.47,100.44,59.13,180,180,180,180,23,0.096,1.752,4.685,0.259,0.51,2.248,2890,2970,2915,2810,160,15940,1890,978,207,1058,611754,6853750,40.6540880503145,"Floresta Ombrófila Mista","Estádio Médio de Regeneração",21,29,12,7,"FOM"
"22","85",300.51,162,110.97,64.8,180,180,16202.2498437717,16830,28,0.102,1.755,5.235,0.262,0.51,2.082,2889,2979,3328,2801,178,16797,1683,1102,145,1002,558797,6863857,40.4116465863454,"Floresta Ombrófila Mista","Estádio Avançado de Regeneração",26,21,9,11,"FOM"
"24","89",29.16,29.16,29.16,26.73,201.246117974981,201.246117974981,201.246117974981,201.246117974981,30,0.098,1.712,5.258,0.273,0.512,1.822,2877,2960,3094,2794,166,16468,1753,1064,165,1272,594038,6863831,8.47159376571141,"Floresta Ombrófila Mista","Estádio Avançado de Regeneração",28,23,9,16,"FOM"
"26","97",306.99,120.69,90.72,61.56,180,180,180,7573.38101510811,32,0.112,1.78,4.132,0.186,0.495,3.158,2927,3011,3237,2837,174,15645,2155,781,318,188,664749,6863080,50.5773092369478,"Floresta Ombrófila Densa","Estádio Médio de Regeneração",30,27,13,1,"FOD"
"27","98",379.08,186.3,94.77,51.03,180,180,180,180,33,0.112,1.81,4.097,0.176,0.498,3.267,2918,3001,3158,2830,171,17823,2455,862,325,350,673283,6862457,57.2004028197382,"Floresta Ombrófila Densa","Estádio Avançado de Regeneração",31,29,12,1,"FOD"
"28","104",632.61,299.7,166.05,71.28,180,4843.30465694654,5351.78474903466,5860.37541459589,34,0.101,1.818,4.752,0.261,0.53,2.138,2899,2991,3417,2810,181,15088,1528,946,138,763,532356,6873928,94.7976878612717,"Floresta Ombrófila Mista","Estádio Avançado de Regeneração",32,28,12,8,"FOM"
"29","113",401.76,196.02,121.5,66.42,180,201.246117974981,7650,8190,36,0.09,1.875,5.013,0.302,0.505,1.972,2869,2950,3000,2789,161,17525,1962,1081,190,1445,611663,6873397,56.8341708542714,"Floresta Ombrófila Mista","Estádio Médio de Regeneração",34,32,10,7,"FOM"
"30","114",501.39,207.36,113.4,58.32,180,180,201.246117974981,180,37,0.095,1.962,4.92,0.304,0.5,2.06,2866,2945,2904,2787,158,18738,2177,1152,206,1480,620739,6873322,59.2443324937028,"Floresta Ombrófila Mista","Estádio Médio de Regeneração",35,30,13,10,"FOM"
"31","117",640.71,291.6,167.67,77.76,5670,6750,7200,7740,38,0.098,1.865,5.182,0.285,0.518,1.94,2911,2991,3055,2827,164,21666,2822,1120,282,560,647185,6873061,94.5184812672869,"Floresta Ombrófila Densa","Estádio Avançado de Regeneração",36,4,10,4,"FOD"
"32","118",448.74,198.45,116.64,60.75,180,6750,7200,7740,39,0.112,1.88,4.117,0.197,0.49,2.797,2921,3003,3167,2835,168,17894,2400,896,304,322,655777,6872997,53.9622641509434,"Floresta Ombrófila Densa","Estádio Médio de Regeneração",37,22,13,1,"FOD"
"33","119",154.71,85.05,60.75,36.45,180,180,180,180,40,0.108,1.808,4.042,0.186,0.5,2.92,2923,3005,3179,2835,170,17897,2465,866,324,313,664881,6872764,8.7917608641045,"Floresta Ombrófila Densa","Estádio Avançado de Regeneração",38,31,11,1,"FOD"
"34","122",180.63,99.63,63.18,29.16,180,180,180,180,41,0.107,1.878,4.308,0.212,0.5,2.623,2934,3016,3246,2847,169,18186,2452,870,309,143,691362,6872505,37.4151370379683,"Floresta Ombrófila Densa","Estádio Médio de Regeneração",39,31,13,2,"FOD"
"35","123",511.11,244.62,144.99,67.23,180,180,7568.56657498631,7932.77378979131,42,0.103,1.79,4.46,0.237,0.505,2.547,2919,2996,3086,2838,158,15981,2077,806,279,428,700163,6872033,77.1069182389937,"Floresta Ombrófila Densa","Estádio Médio de Regeneração",40,30,11,2,"FOD"
"36","134",83.43,59.13,42.12,34.83,180,180,180,180,44,0.096,1.748,3.552,0.249,0.505,3.17,2886,2974,3244,2802,172,14362,1481,918,161,1063,585365,6883669,19.4919517102616,"Floresta Ombrófila Mista","Estádio Avançado de Regeneração",42,8,11,9,"FOM"
"37","137",134.46,88.29,68.85,42.12,180,180,180,9180.44116586997,45,0.088,2.138,5.158,0.308,0.51,2.037,2869,2952,3038,2789,163,17055,1868,1072,187,1339,611717,6883539,28.8553459119497,"Floresta Ombrófila Mista","Estádio Avançado de Regeneração",43,32,12,8,"FOM"
"38","140",193.59,110.16,73.71,34.83,450,648.999229583518,648.999229583518,7920,47,0.089,2.257,5.223,0.37,0.5,1.877,2855,2933,2807,2777,156,20743,2545,1185,240,1557,638415,6883130,39.1721352852095,"Floresta Ombrófila Mista","Estádio Médio de Regeneração",45,25,9,8,"FOM"
"41","143",272.97,129.6,93.96,55.08,180,180,180,7650,50,0.106,1.978,4.145,0.194,0.51,2.883,2920,3002,3181,2834,168,19680,2673,941,319,361,664711,6882814,51.1943676137792,"Floresta Ombrófila Densa","Estádio Avançado de Regeneração",48,31,12,2,"FOD"
"42","146",213.03,139.32,99.63,47.79,180,180,270,270,51,0.108,1.948,4.407,0.187,0.5,2.923,2925,3007,3164,2840,167,18452,2563,844,332,286,691457,6882504,48.7424547283702,"Floresta Ombrófila Densa","Estádio Médio de Regeneração",49,32,17,1,"FOD"
"43","147",302.94,163.62,102.87,58.32,180,180,180,180,52,0.106,1.99,4.258,0.203,0.49,2.767,2931,3010,3173,2848,162,14572,1961,699,306,71,700454,6882450,51.056338028169,"Floresta Ombrófila Densa","Estádio Avançado de Regeneração",50,28,12,1,"FOD"
"44","148",697.41,314.28,177.39,79.38,5760,6750,7290,7740,53,0.104,1.827,5.067,0.267,0.508,1.873,2913,2986,2994,2837,149,19845,2595,993,284,540,709102,6882188,100,"Floresta Ombrófila Densa","Estádio Médio de Regeneração",51,0,2,5,"FOD"
"45","165",492.48,238.95,146.61,72.9,180,201.246117974981,180,7832.06869224217,57,0.088,2.163,5.233,0.404,0.508,2.11,2864,2945,2919,2785,160,19286,2317,1107,233,1418,638429,6892855,74.4150943396226,"Floresta Ombrófila Mista","Estádio Avançado de Regeneração",55,17,12,3,"FOM"
"46","166",567,259.2,145.8,74.52,180,5905.81069794825,6392.53470854871,6877.79034283541,58,0.09,2.095,5.437,0.408,0.51,1.77,2863,2942,2844,2785,157,19673,2449,1061,258,1476,647551,6892704,77.4583963691377,"Floresta Ombrófila Mista","Estádio Médio de Regeneração",56,29,13,2,"FOM"
"47","167",539.46,221.13,135.27,68.85,180,180,7290,7742.09274033836,59,0.094,1.9,4.483,0.302,0.51,2.357,2881,2961,2919,2801,160,22099,2836,1137,280,1229,656229,6892879,69.2501258178158,"Floresta Ombrófila Mista","Estádio Avançado de Regeneração",57,17,12,6,"FOM"
"48","170",148.23,91.53,52.65,30.78,180,180,180,180,61,0.108,1.842,4.052,0.188,0.505,3.157,2923,3006,3179,2837,169,18043,2565,825,343,249,683065,6892479,37.6289957211175,"Floresta Ombrófila Densa","Estádio Avançado de Regeneração",59,29,12,2,"FOD"
"49","172",298.08,183.87,125.55,62.37,180,180,180,8100,62,0.107,1.792,4.408,0.201,0.495,2.653,2921,3001,3094,2839,162,17647,2426,841,322,361,700380,6892180,61.631419939577,"Floresta Ombrófila Densa","Estádio Médio de Regeneração",60,30,15,1,"FOD"
"50","173",643.14,285.12,159.57,64.8,5940,6930,7380,180,63,0.103,1.873,5.187,0.275,0.5,1.675,2911,2986,2962,2834,152,22545,3041,1097,309,575,709308,6892108,91.2682435832914,"Floresta Ombrófila Densa","Estádio Médio de Regeneração",61,16,12,3,"FOD"
"52","175",315.9,198.45,124.74,56.7,180,180,180,180,65,0.107,2.257,4.1,0.2,0.495,2.738,2930,2996,3028,2861,135,17958,2346,876,296,132,726991,6891780,58.4048460373549,"Floresta Ombrófila Densa","Estádio Médio de Regeneração",63,20,12,3,"FOD"
"53","177",25.92,25.92,25.92,23.49,180,180,180,270,66,0.1,1.797,4.933,0.28,0.51,1.935,2893,2985,3336,2805,180,17439,1721,1041,143,852,523775,6903793,34.6851385390428,"Floresta Ombrófila Mista","Estádio Médio de Regeneração",64,30,12,6,"FOM"
"54","188",666.63,297.27,162.81,67.23,10202.2056438792,11218.6362807607,11726.9689178406,12242.646772655,67,0.094,2.375,4.987,0.36,0.51,2.3,2871,2956,3114,2788,168,19197,2100,1212,194,1279,621182,6903279,91.8619299571681,"Floresta Ombrófila Mista","Estádio Avançado de Regeneração",65,22,11,5,"FOM"
"55","191",511.92,253.53,148.23,74.52,201.246117974981,5905.81069794825,201.246117974981,6877.79034283541,68,0.098,1.782,4.528,0.281,0.51,2.598,2887,2968,3032,2806,162,15448,1879,859,244,1066,648274,6900448,79.8488664987406,"Floresta Ombrófila Mista","Estádio Avançado de Regeneração",66,21,12,1,"FOM"
"56","192",568.62,273.78,157.95,71.28,201.246117974981,180,6725.35500921699,7207.30879038771,69,0.093,2.155,5.398,0.383,0.51,1.837,2858,2938,2827,2780,158,20997,2630,1134,262,1442,656140,6902649,86.0564800806858,"Floresta Ombrófila Mista","Estádio Avançado de Regeneração",67,24,10,4,"FOM"
"57","193",338.58,149.04,80.19,49.41,201.246117974981,254.558441227157,201.246117974981,7830.51722429623,70,0.087,2.007,5.528,0.399,0.5,1.758,2858,2936,2734,2780,156,25747,3327,1309,288,1441,665207,6902895,46.5943491422805,"Floresta Ombrófila Mista","Estádio Médio de Regeneração",68,24,13,4,"FOM"
"58","194",500.58,242.19,155.52,75.33,180,180,7290.55553438831,7830.51722429623,71,0.102,1.997,4.117,0.225,0.518,2.68,2906,2988,3065,2823,165,20656,2800,955,324,606,673973,6902690,75.2582514487276,"Floresta Ombrófila Densa","Estádio Avançado de Regeneração",69,20,10,1,"FOD"
"59","196",417.96,176.58,110.97,55.08,180,180,180,7842.92037445236,72,0.097,2.302,5.312,0.276,0.51,1.868,2896,2975,2896,2816,159,22455,3142,1055,337,781,691888,6902478,55.5135951661631,"Floresta Ombrófila Densa","Estádio Avançado de Regeneração",70,29,12,1,"FOD"
"60","197",506.25,238.95,139.32,71.28,201.246117974981,201.246117974981,7303.87568349845,7842.92037445236,73,0.105,1.988,4.488,0.215,0.495,2.542,2918,2998,3097,2836,162,20594,2854,955,338,284,700623,6901799,74.3008314436886,"Floresta Ombrófila Densa","Estádio Avançado de Regeneração",71,17,16,1,"FOD"
"61","198",579.96,260.01,147.42,67.23,180,180,7470,7920,74,0.1,1.81,5.125,0.291,0.498,1.792,2905,2981,2893,2827,154,22591,3072,1110,319,655,709504,6902068,82.4300478951349,"Floresta Ombrófila Densa","Estádio Avançado de Regeneração",72,22,10,1,"FOD"
"62","199",691.74,315.9,176.58,79.38,5940,6840.59207963755,7470,7920,75,0.105,1.797,4.438,0.263,0.498,2.587,2921,2995,3025,2845,150,22359,3056,1004,342,331,718336,6901933,100,"Floresta Ombrófila Densa","Estádio Avançado de Regeneração",73,0,2,2,"FOD"
"64","208",196.83,114.21,66.42,37.26,180,180,254.558441227157,16830,77,0.097,2.042,3.91,0.266,0.51,2.875,2894,2985,3329,2808,177,16358,1696,1031,163,869,559057,6913701,22.7755308392315,"Floresta Ombrófila Mista","Estádio Médio de Regeneração",75,27,13,8,"FOM"
"65","211",153.09,115.02,77.76,43.74,180,180,180,180,78,0.102,1.94,5.158,0.287,0.49,2.252,2879,2967,3208,2795,172,17810,1876,1155,169,1130,585677,6913526,33.7537840565086,"Floresta Ombrófila Mista","Estádio Avançado de Regeneração",76,25,11,7,"FOM"
"66","214",645.57,305.37,172.53,77.76,180,11405.8800624941,11914.3820653864,12422.9344359535,79,0.087,2.208,5.418,0.387,0.515,2.16,2861,2947,3100,2778,169,19779,2105,1262,186,1341,612195,6913353,97.429435483871,"Floresta Ombrófila Mista","Estádio Avançado de Regeneração",77,13,11,2,"FOM"
"67","217",626.13,248.67,132.84,56.7,5940,6930,7470,7920,81,0.09,2.095,5.32,0.351,0.505,2.085,2875,2958,3069,2791,167,18925,2180,1125,213,1232,638770,6913076,78.1896116994453,"Floresta Ombrófila Mista","Estádio Avançado de Regeneração",79,19,12,4,"FOM"
"68","218",694.17,311.85,176.58,78.57,6210,7200,7650.52939344723,8190.49449056649,82,0.094,1.99,5.083,0.352,0.508,2.222,2872,2953,3013,2789,164,20732,2479,1189,230,1057,647873,6912827,99.4454247542223,"Floresta Ombrófila Mista","Estádio Médio de Regeneração",80,21,6,2,"FOM"
"69","221",482.76,198.45,99.63,42.93,180,180,180,270,83,0.1,2.002,5.032,0.223,0.51,2.008,2908,2990,3139,2825,165,19892,2617,951,306,586,674196,6912608,68.6081694402421,"Floresta Ombrófila Densa","Estádio Médio de Regeneração",81,17,11,1,"FOD"
"71","225",671.49,291.6,157.14,61.56,6930,7838.27149312908,8371.93526014147,8921.35639911331,85,0.097,2.237,5.088,0.323,0.49,1.853,2895,2970,2770,2820,150,21890,2975,1030,339,854,709451,6912244,91.7780580075662,"Floresta Ombrófila Mista/Campos Naturais","Estádio Avançado de Regeneração",83,15,8,3,"FOM"
"73","246",442.26,225.18,139.32,69.66,180,180,8550,9090,88,0.095,1.787,4.707,0.292,0.51,2.18,2885,2970,3165,2799,171,15544,1773,939,206,939,638885,6923047,73.0507191521575,"Floresta Ombrófila Mista","Estádio Avançado de Regeneração",85,24,11,4,"FOM"
"74","249",540.27,264.06,150.66,69.66,201.246117974981,8280.48911598826,8730.4639052,9271.74740812108,89,0.084,2.322,5.637,0.437,0.51,1.642,2872,2953,2933,2792,161,21357,2688,1143,259,1080,665273,6922519,87.3801110550227,"Floresta Ombrófila Mista","Estádio Avançado de Regeneração",86,13,9,4,"FOM"
"76","253",588.87,257.58,145.8,70.47,180,180,7830,8370,91,0.098,1.927,5.108,0.285,0.51,1.98,2904,2983,2964,2824,159,19439,2726,849,357,645,700864,6922217,58.6111111111111,"Floresta Ombrófila Densa","Estádio Médio de Regeneração",88,4,10,1,"FOD"
"79","260",235.71,149.04,91.53,53.46,180,180,180,2675.89237451733,96,0.099,1.767,5.387,0.287,0.505,1.572,2894,2983,3306,2804,179,21874,2272,1321,138,1015,488456,6934156,52.0080828492043,"Floresta Ombrófila Mista","Estádio Avançado de Regeneração",92,32,9,3,"FOM"
"84","279",553.23,251.1,153.09,70.47,180,180,7470,7832.06869224217,103,0.099,1.865,4.602,0.265,0.5,2.427,2904,2988,3257,2816,172,16127,1941,929,227,674,656822,6932569,80.1466868993424,"Floresta Ombrófila Mista","Estádio Médio de Regeneração",99,20,11,3,"FOM"
"89","287",466.56,237.33,157.95,76.95,180,180,7200,7740,109,0.105,2.18,4.48,0.261,0.49,2.388,2933,3002,3086,2860,142,18894,2778,765,380,106,727513,6931929,71.1606690319311,"Floresta Ombrófila Densa","Estádio Médio de Regeneração",105,24,13,1,"FOD"
"90","297",373.41,192.78,116.64,53.46,180,180,180,201.246117974981,110,0.104,1.843,5.295,0.281,0.5,1.87,2887,2976,3223,2799,177,19177,1986,1187,158,1036,541566,6943488,63.3813495072024,"Floresta Ombrófila Mista","Estádio Avançado de Regeneração",106,31,12,4,"FOM"
"92","304",238.95,111.78,77.76,41.31,180,180,180,180,112,0.1,1.813,4.793,0.268,0.52,2.237,2891,2980,3275,2804,176,16731,1838,1054,198,865,603547,6943264,39.8581919473284,"Floresta Ombrófila Mista","Estádio Avançado de Regeneração",108,24,12,4,"FOM"
"93","308",409.86,208.98,136.08,65.61,180,180,7470,8010,113,0.096,1.838,4.318,0.264,0.505,2.415,2907,2995,3447,2815,180,16465,1873,995,204,575,639113,6942989,61.8481012658228,"Floresta Ombrófila Mista","Estádio Médio de Regeneração",109,26,10,2,"FOM"
"96","311",337.77,144.18,76.95,38.07,201.246117974981,201.246117974981,201.246117974981,284.604989415154,116,0.096,1.975,4.722,0.321,0.505,2.16,2889,2970,3064,2805,165,17727,2204,1024,238,971,665712,6942532,50.0252908447142,"Floresta Ombrófila Mista","Estádio Médio de Regeneração",112,29,14,1,"FOM"
"98","313",375.84,244.62,144.18,61.56,180,6930,7470,7920,118,0.096,1.898,5.083,0.332,0.52,2.098,2888,2967,2927,2808,159,19307,2544,971,292,983,683107,6942442,71.0998735777497,"Floresta Ombrófila Mista/Floresta Ombrófila Densa","Estádio Médio de Regeneração",114,13,12,7,"FOM"
"99","316",560.52,249.48,161.19,76.95,180,180,7380,7920,120,0.104,1.938,4.352,0.254,0.497,2.58,2915,2993,3053,2835,158,19444,2884,844,368,419,710162,6941965,81.9328791319707,"Floresta Ombrófila Densa","Estádio Avançado de Regeneração",116,27,9,2,"FOD"
"101","318",177.39,77.76,51.84,30.78,201.246117974981,254.558441227157,7380,7920,122,0.104,1.935,4.515,0.245,0.505,2.468,2936,3008,3158,2859,149,18551,2733,778,370,96,727778,6941649,26.6430738119312,"Floresta Ombrófila Densa","Estádio Médio de Regeneração",118,6,11,1,"FOD"
"102","321",335.34,140.94,75.33,39.69,180,201.246117974981,201.246117974981,3510,123,0.105,1.767,4.672,0.253,0.52,2.317,2911,3000,3347,2821,179,19626,2130,1168,145,701,452605,6953660,45.0568900126422,"Floresta Ombrófila Mista/Floresta Estacional Decidual","Estádio Avançado de Regeneração",119,23,12,3,"FOM"
"103","328",9.72,9.72,9.72,9.72,180,180,180,180,125,0.101,1.792,5.668,0.292,0.512,1.24,2903,2992,3341,2812,180,17244,1775,1059,143,815,514903,6953834,26.6396556090149,"Floresta Ombrófila Mista","Estádio Avançado de Regeneração",121,26,10,2,"FOM"
"105","337",250.29,164.43,108.54,51.03,180,180,180,8100,127,0.099,1.972,5.102,0.393,0.495,2.155,2891,2980,3256,2804,176,17868,1968,1105,201,901,594834,6953344,52.4026302478503,"Floresta Ombrófila Mista","Estádio Médio de Regeneração",123,25,12,3,"FOM"
"107","340",434.16,233.28,133.65,32.4,180,6930,201.246117974981,180,129,0.094,1.982,4.997,0.419,0.5,2.158,2890,2976,3213,2802,174,18103,2068,1106,209,908,621391,6953137,74.2286292362165,"Floresta Ombrófila Densa/Floresta Ombrófila Mista","Estádio Médio de Regeneração",125,17,11,2,"FOD"
"110","345",365.31,183.06,119.07,62.37,180,201.246117974981,201.246117974981,7920,132,0.096,1.958,5.13,0.347,0.495,1.962,2890,2972,3052,2807,165,19284,2418,1115,240,892,666220,6952915,61.3964077915507,"Floresta Ombrófila Mista/Floresta Ombrófila Densa","Estádio Médio de Regeneração",128,29,14,1,"FOM"
"111","346",435.78,173.34,88.29,45.36,180,180,254.558441227157,7740,133,0.098,1.888,4.627,0.289,0.5,2.328,2896,2977,3054,2814,163,17712,2286,966,263,816,674998,6952602,60.8761711825779,"Floresta Ombrófila Mista/Floresta Ombrófila Densa","Estádio Médio de Regeneração",129,29,13,1,"FOM"
"112","347",526.5,233.28,140.13,56.7,180,180,7290,7740,134,0.102,1.778,4.268,0.259,0.51,2.51,2905,2986,3095,2823,163,17545,2332,900,289,663,683666,6952377,76.4348925410872,"Floresta Ombrófila Densa","Estádio Médio de Regeneração",130,27,11,1,"FOD"
"113","348",454.41,216.27,122.31,56.7,180,180,180,7920,135,0.096,1.91,4.62,0.317,0.5,2.303,2896,2975,2904,2816,159,19167,2626,926,312,809,692561,6952240,70.4378638319413,"Floresta Ombrófila Densa","Estádio Avançado de Regeneração",131,31,11,1,"FOD"
"114","350",492.48,226.8,132.84,62.37,201.246117974981,180,7470,8010,137,0.102,1.935,4.568,0.27,0.5,2.088,2922,3002,3139,2839,163,19330,2824,848,355,304,710324,6952015,76.1507334344967,"Floresta Ombrófila Densa","Estádio Médio de Regeneração",133,24,12,1,"FOD"
"117","365",393.66,196.83,103.68,51.03,180,180,180,201.246117974981,140,0.104,1.81,5.353,0.275,0.51,1.673,2898,2985,3260,2808,177,20637,2157,1289,141,954,505858,6963753,63.6179376741829,"Floresta Ombrófila Mista","Estádio Médio de Regeneração",136,19,12,3,"FOM"
"118","367",69.66,69.66,57.51,27.54,180,180,180,180,141,0.101,1.942,5.487,0.27,0.51,1.462,2902,2991,3298,2812,179,16878,1779,1048,151,828,523541,6963615,19.158641662443,"Floresta Ombrófila Mista","Estádio Avançado de Regeneração",137,19,9,2,"FOM"
"119","369",171.72,103.68,72.9,43.74,180,180,180,9540,142,0.1,1.875,5.335,0.269,0.51,1.725,2901,2990,3289,2812,178,14976,1592,943,165,830,541471,6963598,35.4879594423321,"Floresta Ombrófila Mista","Estádio Médio de Regeneração",138,19,11,3,"FOM"
"124","385",515.97,259.2,151.47,75.33,180,7020,201.246117974981,7920,147,0.098,2.052,4.507,0.374,0.5,2.395,2902,2982,3036,2821,161,18910,2528,990,285,706,683818,6962346,78.8714574898785,"Floresta Ombrófila Densa","Estádio Médio de Regeneração",143,22,11,2,"FOD"
"126","388",684.45,307.8,177.39,78.57,6030,6930,7470,8010,150,0.096,1.958,4.692,0.359,0.508,2.122,2903,2982,2914,2823,159,21081,3011,948,335,679,710504,6961905,97.3937246963563,"Floresta Ombrófila Densa","Estádio Avançado de Regeneração",146,13,6,2,"FOD"
"127","390",379.89,176.58,106.92,67.23,180,254.558441227157,180,9090,151,0.107,1.877,4.243,0.235,0.502,2.705,2935,3012,3174,2853,159,16637,2400,739,340,57,728298,6961596,46.1149076183245,"Floresta Ombrófila Densa","Estádio Médio de Regeneração",147,16,11,1,"FOD"
"130","395",402.57,213.84,123.93,55.89,180,180,180,3330,155,0.1,1.813,4.615,0.29,0.528,2.153,2921,3011,3432,2826,185,19041,2159,1143,160,567,417038,6973203,66.0329531051964,"Floresta Ombrófila Mista/Floresta Estacional Decidual","Estádio Médio de Regeneração",150,31,9,1,"FOM"
"132","398",87.48,58.32,44.55,25.11,180,180,180,180,157,0.1,1.813,4.508,0.275,0.52,2.238,2915,3004,3354,2824,180,20322,2312,1261,160,730,443836,6973454,38.6686991869919,"Floresta Estacional Decidual/Floresta Ombrófila Mista","Estádio Avançado de Regeneração",152,27,11,3,"FED"
"134","409",89.91,83.43,53.46,29.97,270,180,180,9540,162,0.1,1.99,5.35,0.27,0.487,1.522,2893,2980,3175,2806,174,17355,1833,1100,163,982,541458,6973705,27.8045074702456,"Floresta Ombrófila Mista","Estádio Avançado de Regeneração",157,13,12,4,"FOM"
"135","413",556.47,214.65,129.6,56.7,7235.91044720704,180,8744.83275997889,180,163,0.094,1.945,5.41,0.34,0.515,1.758,2885,2972,3126,2799,173,19514,2176,1224,201,1173,575792,6973346,65.4490106544901,"Floresta Ombrófila Mista","Estádio Avançado de Regeneração",158,22,11,2,"FOM"
"136","415",433.35,196.83,123.93,61.56,180,180,180,9270,164,0.096,2.58,4.84,0.414,0.49,2.233,2891,2979,3193,2803,176,20608,2353,1229,221,884,595107,6973169,69.1917912338485,"Floresta Ombrófila Mista","Estádio Avançado de Regeneração",159,23,11,3,"FOM"
"137","419",41.31,41.31,35.64,21.87,180,180,254.558441227157,324.499614791759,166,0.1,1.895,4.86,0.354,0.5,2.448,2911,3000,3449,2818,182,16910,1986,1042,211,496,630562,6973006,21.9320486815416,"Floresta Ombrófila Mista","Estádio Médio de Regeneração",161,27,11,1,"FOM"
"138","421",280.26,140.94,62.37,28.35,180,180,180,8190,167,0.095,1.878,4.828,0.348,0.49,2.143,2901,2988,3242,2812,176,15638,1893,989,214,685,648122,6972739,46.8813387423935,"Floresta Ombrófila Densa","Estádio Avançado de Regeneração",162,26,12,3,"FOD"
"139","422",565.38,285.93,164.43,76.14,270,7020,7560,8010,168,0.093,2.143,5.087,0.456,0.497,1.913,2895,2979,3081,2810,169,17665,2181,1072,225,910,657270,6972659,91.5653495440729,"Floresta Ombrófila Densa","Estádio Médio de Regeneração",163,8,11,1,"FOD"
"140","423",450.36,250.29,149.04,65.61,180,7020,180,8010,169,0.098,1.89,4.09,0.289,0.505,2.558,2911,2994,3250,2825,169,15438,1972,893,246,620,666168,6972597,78.1947261663286,"Floresta Ombrófila Densa","Estádio Médio de Regeneração",164,27,11,1,"FOD"
"141","424",583.2,249.48,128.79,42.12,201.246117974981,7020,7470,180,170,0.098,2.09,4.073,0.278,0.49,2.437,2916,2998,3249,2832,166,17210,2266,946,267,369,675054,6972476,79.5494811440142,"Floresta Ombrófila Densa","Estádio Médio de Regeneração",165,32,10,4,"FOD"
"142","425",551.61,245.43,133.65,66.42,201.246117974981,6840,180,7740,171,0.1,1.82,4.07,0.254,0.51,2.448,2913,2994,3142,2830,164,17235,2326,899,287,378,684186,6972352,78.316003043368,"Floresta Ombrófila Densa","Estádio Avançado de Regeneração",166,29,8,2,"FOD"
"144","428",567.81,245.43,134.46,64.8,5760,6750,7290,180,174,0.103,2.125,4.507,0.247,0.49,2.102,2930,3012,3218,2845,167,17278,2440,786,325,196,710919,6971919,74.8607594936709,"Floresta Ombrófila Densa","Estádio Avançado de Regeneração",168,17,9,2,"FOD"
"145","429",607.5,274.59,159.57,75.33,284.604989415154,6750,201.246117974981,7740,175,0.102,1.94,4.808,0.32,0.508,2.13,2919,2999,3056,2836,163,20556,2968,894,344,435,719589,6971746,87.7224199288256,"Floresta Ombrófila Densa","Estádio Avançado de Regeneração",169,3,5,2,"FOD"
"147","438",134.46,110.97,75.33,40.5,180,201.246117974981,201.246117974981,254.558441227157,178,0.098,1.72,5.372,0.271,0.53,1.778,2911,2997,3215,2821,176,19480,2205,1177,161,807,425803,6983583,41.0840932117528,"Floresta Estacional Decidual/Floresta Ombrófila Mista","Estádio Médio de Regeneração",172,17,10,1,"FED"
"148","442",169.29,104.49,72.09,45.36,180,180,180,324.499614791759,179,0.099,1.88,5.075,0.301,0.52,1.552,2907,2994,3245,2818,176,20782,2251,1312,150,825,461604,6983630,40.1570813275906,"Floresta Ombrófila Mista","Estádio Médio de Regeneração",173,32,10,4,"FOM"
"149","450",84.24,63.18,52.65,39.69,180,180,201.246117974981,201.246117974981,180,0.095,2.143,5.367,0.281,0.5,1.56,2899,2985,3183,2813,172,17139,1844,1087,159,888,532530,6983723,26.9269776876268,"Floresta Ombrófila Mista","Estádio Avançado de Regeneração",174,21,15,5,"FOM"
"150","453",260.82,123.93,77.76,37.26,180,180,180,180,181,0.092,1.942,5.473,0.31,0.505,1.537,2891,2978,3138,2806,172,18087,1947,1172,192,992,559351,6983533,51.7136329017517,"Floresta Ombrófila Mista","Estádio Avançado de Regeneração",175,21,13,2,"FOM"
"151","455",578.34,275.4,160.38,76.95,180,180,180,7744.70787053973,182,0.092,2.262,5.308,0.376,0.51,1.813,2880,2966,3049,2795,171,22395,2546,1352,219,1058,577203,6983418,87.927973624144,"Floresta Ombrófila Mista","Estádio Avançado de Regeneração",176,17,10,2,"FOM"
"152","456",692.55,310.23,173.34,76.14,5760,6840,7214.04879384663,7744.70787053973,183,0.09,2.613,5.157,0.548,0.51,1.983,2883,2969,3042,2796,173,20906,2395,1217,232,1083,585869,6982805,98.9083523736989,"Floresta Ombrófila Mista","Estádio Avançado de Regeneração",177,5,7,2,"FOM"
"153","457",86.67,50.22,40.5,31.59,180,180,180,254.558441227157,184,0.097,2.027,4.548,0.34,0.502,2.238,2915,3006,3473,2822,184,18873,2191,1079,235,484,594918,6983266,30.250823410185,"Floresta Ombrófila Densa","Estádio Médio de Regeneração",178,24,15,1,"FOD"
"154","460",295.65,157.95,98.82,49.41,180,180,180,180,185,0.098,2.11,4.672,0.326,0.505,2.305,2914,3003,3461,2821,182,15724,1833,968,212,512,621727,6983064,58.449455282493,"Floresta Ombrófila Densa","Estádio Médio de Regeneração",179,26,12,1,"FOD"
"155","464",419.58,142.56,72.9,33.21,180,180,180,180,186,0.098,2.155,4.91,0.362,0.52,1.942,2905,2990,3185,2819,171,16515,2082,993,235,593,657383,6982663,50.5703422053232,"Floresta Ombrófila Densa","Estádio Avançado de Regeneração",180,29,12,1,"FOD"
"156","465",572.67,270.54,142.56,58.32,270,7020,7470,7920.51134712905,187,0.1,1.855,4.287,0.258,0.5,2.347,2915,2999,3245,2830,169,14614,1902,848,253,469,666267,6982386,85.5153203342618,"Floresta Ombrófila Densa","Estádio Avançado de Regeneração",181,19,14,1,"FOD"
"157","466",579.15,286.74,163.62,76.95,180,7020,7470,8010,188,0.101,2.017,4.647,0.343,0.508,2.583,2908,2988,3087,2826,162,16777,2235,926,271,614,675208,6982414,90.2204205725868,"Floresta Ombrófila Densa","Estádio Avançado de Regeneração",182,32,9,1,"FOD"
"158","467",690.93,309.42,173.34,76.95,5760,6840,7290,7830,189,0.095,2.477,4.607,0.372,0.51,2.188,2905,2985,3005,2825,160,18385,2491,971,287,561,684113,6982288,98.1275303643725,"Floresta Ombrófila Densa","Estádio Avançado de Regeneração",183,0,9,1,"FOD"
"159","468",677.16,302.13,170.91,77.76,5760,6840,7290,7830,190,0.096,2.202,4.76,0.38,0.525,1.973,2894,2972,2813,2815,157,19621,2707,1002,298,908,692831,6982312,96.3461050494798,"Floresta Ombrófila Densa","Estádio Avançado de Regeneração",184,7,4,1,"FOD"
"162","483",549.18,220.32,127.98,76.14,180,254.558441227157,180,5606.06814086308,195,0.097,1.698,5.318,0.274,0.525,1.735,2892,2983,3353,2804,179,15806,1586,984,138,880,527857,6879031,64.9723200805234,"Floresta Ombrófila Mista/Floresta Estacional Decidual","Estádio Médio de Regeneração",189,26,12,8,"FOM"
"164","494",174.96,55.08,45.36,27.54,180,180,180,180,198,0.097,1.858,5.018,0.287,0.512,1.767,2909,2996,3236,2820,176,20350,2231,1264,158,744,461633,6993681,35.4716024340771,"Floresta Estacional Decidual","Estádio Avançado de Regeneração",192,19,12,3,"FED"
"165","495",379.89,190.35,126.36,61.56,180,180,180,180,199,0.098,1.727,5.298,0.324,0.512,1.475,2903,2990,3206,2815,175,22988,2551,1465,159,827,470313,6993425,63.9319278638557,"Floresta Ombrófila Mista","Estádio Médio de Regeneração",193,30,9,3,"FOM"
"166","507",464.13,217.08,144.18,69.66,180,180,7290,7742.09274033836,200,0.095,2.243,5.277,0.406,0.51,1.808,2903,2991,3253,2815,176,18177,2088,1063,236,747,577489,6993212,71.9431760527651,"Floresta Ombrófila Densa","Estádio Avançado de Regeneração",194,28,12,1,"FOD"
"167","508",610.74,293.22,167.67,79.38,180,6750,7290,7742.09274033836,201,0.097,2.297,5.278,0.377,0.5,2.012,2906,2995,3298,2816,179,17677,2062,1026,237,608,586171,6993328,91.977659304392,"Floresta Ombrófila Densa","Estádio Médio de Regeneração",195,6,6,2,"FOD"
"168","513",344.25,190.35,123.12,52.65,180,201.246117974981,11949.6820041372,254.558441227157,203,0.098,2.173,4.96,0.378,0.51,2.433,2908,2995,3268,2818,177,17284,2052,1077,211,651,630756,6992945,62.6933806746132,"Floresta Ombrófila Densa","Estádio Médio de Regeneração",197,27,12,1,"FOD"
"169","516",372.6,174.15,112.59,57.51,180,180,180,8010,204,0.096,1.925,5.22,0.4,0.5,1.878,2901,2984,3037,2817,167,17757,2271,1058,243,763,657509,6992617,57.984259964458,"Floresta Ombrófila Densa","Estádio Avançado de Regeneração",198,22,12,1,"FOD"
"171","518",696.6,301.32,166.05,76.95,5940,7020,7560,8010,206,0.097,2.147,4.512,0.385,0.5,2.257,2906,2986,2988,2826,160,17630,2379,988,273,574,675346,6992387,95.6400506970849,"Floresta Ombrófila Densa","Estádio Médio de Regeneração",200,13,9,1,"FOD"
"172","519",620.46,282.69,158.76,68.04,180,180,7560,8010,207,0.101,2.078,4.615,0.305,0.5,2.273,2919,3000,3135,2836,164,17001,2322,930,283,319,684266,6992266,89.5003804209992,"Floresta Ombrófila Densa","Estádio Avançado de Regeneração",201,26,10,1,"FOD"
"173","520",558.9,258.39,146.61,70.47,284.604989415154,7110,7650,8010,208,0.104,2.175,4.495,0.266,0.5,2.298,2926,3008,3206,2842,166,17604,2436,894,300,230,693258,6992148,81.2674271229404,"Floresta Ombrófila Densa","Estádio Médio de Regeneração",202,13,13,1,"FOD"
"175","523",474.66,216.27,127.98,57.51,180,180,180,8190,210,0.102,2.148,4.593,0.273,0.49,2.225,2930,3007,3117,2850,157,18049,2508,889,301,112,719956,6991656,66.2944162436548,"Floresta Ombrófila Densa","Estádio Avançado de Regeneração",204,24,9,1,"FOD"
"176","529",567.81,224.37,140.94,70.47,180,180,180,5606.06814086308,212,0.102,1.81,4.802,0.287,0.53,2.072,2903,2996,3441,2814,182,15044,1515,935,140,685,523479,6883945,75.0630358043369,"Floresta Ombrófila Mista/Floresta Estacional Decidual","Estádio Avançado de Regeneração",206,13,12,8,"FOM"
"177","537",247.86,144.99,87.48,46.17,180,180,180,10184.3261927336,213,0.103,1.8,4.562,0.296,0.52,2.018,2930,3020,3464,2835,185,20988,2381,1273,155,478,318560,7002272,50.5196451204056,"Floresta Estacional Decidual","Estádio Avançado de Regeneração",207,25,8,2,"FED"
"179","555",399.33,154.71,68.04,34.02,180,180,180,180,215,0.098,1.98,5.217,0.307,0.53,1.388,2903,2990,3192,2815,175,17499,1885,1111,153,873,479267,7003502,50.3304524656838,"Floresta Ombrófila Mista","Estádio Médio de Regeneração",209,16,9,1,"FOM"
"180","561",25.92,25.92,25.92,21.06,180,180,254.558441227157,8374.35370640624,216,0.097,1.813,5.247,0.266,0.49,1.57,2904,2990,3143,2819,171,15467,1701,1004,169,876,532574,7003693,12.9672006102212,"Floresta Ombrófila Mista","Estádio Avançado de Regeneração",210,1,13,6,"FOM"
"181","562",17.82,17.82,17.82,16.2,360,360,450,8374.35370640624,217,0.094,2.183,5.425,0.305,0.498,1.793,2897,2982,3094,2813,169,17033,1867,1087,178,986,541657,7003421,12.0518688024409,"Floresta Ombrófila Mista","Estádio Avançado de Regeneração",211,27,12,5,"FOM"
"182","565",656.1,304.56,171.72,79.38,6300,7290,7650,8190,218,0.09,2.432,5.342,0.497,0.505,1.792,2894,2981,3119,2809,172,19591,2208,1159,223,976,568190,7003200,95.8079268292683,"Floresta Ombrófila Mista","Estádio Avançado de Regeneração",212,14,6,3,"FOM"
"183","566",640.71,307.8,177.39,79.38,6300,7290,7650,8190,219,0.095,2.155,5.132,0.403,0.49,1.943,2899,2987,3176,2812,175,18276,2129,1058,241,836,577317,7003080,96.7987804878049,"Floresta Ombrófila Mista/Floresta Ombrófila Densa","Estádio Médio de Regeneração",213,5,6,6,"FOM"
"184","568",55.08,55.08,50.22,40.5,180,180,180,9360,220,0.106,1.965,4.688,0.304,0.51,2.232,2920,3010,3456,2827,183,15888,1850,916,235,407,595430,7003012,20.5082592121982,"Floresta Ombrófila Densa","Estádio Avançado de Regeneração",214,25,19,1,"FOD"
"185","570",122.31,91.53,60.75,41.31,180,180,180,180,221,0.1,1.975,4.537,0.359,0.502,2.268,2917,3006,3401,2824,182,15474,1778,932,212,461,613266,7003137,42.5196850393701,"Floresta Ombrófila Densa","Estádio Avançado de Regeneração",215,31,12,1,"FOD"
"186","571",377.46,207.36,131.22,73.71,254.558441227157,284.604989415154,7290.55553438831,7830.51722429623,222,0.1,2.01,4.828,0.333,0.51,2.235,2914,3003,3365,2823,180,17015,1979,1046,212,496,621941,7002989,64.5653279105236,"Floresta Ombrófila Densa","Estádio Médio de Regeneração",216,27,10,2,"FOD"
"187","573",589.68,277.02,150.66,62.37,7200.56247802906,8280.48911598826,8910,9360,223,0.096,1.982,5.175,0.415,0.507,1.91,2900,2983,3033,2814,169,17530,2137,1069,224,793,639791,7002815,87.8240976105745,"Floresta Ombrófila Densa","Estádio Avançado de Regeneração",217,13,11,1,"FOD"
"190","577",707.94,313.47,177.39,79.38,6030,7020,7470,8010,226,0.097,2.355,4.75,0.369,0.495,2.035,2908,2988,2977,2828,160,19184,2606,1050,281,566,675478,7002372,100,"Floresta Ombrófila Densa","Estádio Avançado de Regeneração",220,0,1,1,"FOD"
"191","579",657.72,302.94,172.53,76.14,6120,7020,7560,8100,228,0.102,1.965,4.477,0.35,0.513,2.22,2927,3008,3163,2842,166,19533,2701,992,301,336,693395,7002083,59.8423194303154,"Floresta Ombrófila Densa","Estádio Avançado de Regeneração",221,16,6,1,"FOD"
"193","597",15.39,15.39,15.39,15.39,201.246117974981,201.246117974981,201.246117974981,201.246117974981,232,0.099,1.702,4.47,0.308,0.51,2.097,2917,3004,3264,2824,180,24843,2813,1628,146,713,336161,7012905,19.1397302112497,"Floresta Estacional Decidual/Floresta Ombrófila Mista","Estádio Avançado de Regeneração",225,29,14,2,"FED"
"194","602",260.82,132.03,77.76,41.31,180,180,180,180,233,0.095,1.907,4.662,0.35,0.53,1.98,2901,2985,3102,2811,174,23716,2753,1488,156,972,380578,7012774,45.9287531806616,"Floresta Ombrófila Mista","Estádio Médio de Regeneração",226,11,7,2,"FOM"
"195","605",161.19,110.16,76.14,36.45,180,180,180,180,234,0.096,2.027,4.757,0.342,0.53,1.755,2899,2982,3024,2815,167,25137,2851,1519,159,1039,407727,7013225,42.1414038657172,"Floresta Ombrófila Mista","Estádio Médio de Regeneração",227,9,11,4,"FOM"
"197","619",492.48,288.36,172.53,77.76,180,7110,7560,8010,240,0.097,2.005,5.407,0.296,0.51,1.568,2900,2985,3077,2817,168,16461,1799,1051,169,979,532720,7013545,91.4699162223915,"Floresta Ombrófila Mista","Estádio Médio de Regeneração",233,0,19,4,"FOM"
"198","623",415.53,222.75,136.89,70.47,180,270,7560,8010,241,0.096,2.305,5.405,0.342,0.49,1.542,2881,2966,2990,2798,168,22276,2498,1312,216,1173,568443,7013359,70.5209656925032,"Floresta Ombrófila Mista","Estádio Avançado de Regeneração",234,22,11,6,"FOM"
"199","624",696.6,313.47,178.2,78.57,6030,7020,7560,8010,242,0.092,2.013,5.675,0.409,0.5,1.748,2900,2987,3146,2814,173,19875,2324,1131,246,843,577390,7013311,100,"Floresta Ombrófila Densa","Estádio Médio de Regeneração",235,0,2,1,"FOD"
"200","625",430.11,190.35,111.78,52.65,180,201.246117974981,450,8010,243,0.095,1.915,5.292,0.38,0.51,1.945,2900,2987,3146,2813,174,16674,1965,956,239,781,586320,7013264,63.421453990849,"Floresta Ombrófila Densa","Estádio Avançado de Regeneração",236,16,14,1,"FOD"
"201","631",318.33,196.02,128.79,59.94,180,180,7470,8010,246,0.098,1.867,4.663,0.346,0.51,2.127,2913,2999,3235,2826,173,13913,1707,840,225,403,639952,7012998,66.6582021330625,"Floresta Ombrófila Densa","Estádio Médio de Regeneração",239,31,11,1,"FOD"
"202","633",636.66,306.99,175.77,79.38,6030,7020,7470,8010,248,0.102,1.875,4.262,0.347,0.488,2.198,2924,3009,3309,2838,171,17343,2257,994,258,292,657766,7012566,96.6921119592875,"Floresta Ombrófila Densa","Estádio Avançado de Regeneração",241,17,10,1,"FOD"
"203","634",567,258.39,146.61,63.99,180,180,7470,8010,249,0.103,1.715,4.307,0.289,0.498,2.17,2927,3011,3291,2843,168,16134,2156,902,271,181,666692,7012460,82.5844122873826,"Floresta Ombrófila Densa","Estádio Avançado de Regeneração",242,17,10,2,"FOD"
"204","635",492.48,217.89,112.59,43.74,180,7020,7560,270,250,0.105,1.862,4.307,0.32,0.498,2.197,2919,3000,3075,2837,163,17361,2368,928,287,385,675615,7012351,69.3737270875764,"Floresta Ombrófila Densa","Estádio Avançado de Regeneração",243,6,5,1,"FOD"
"205","637",566.19,261.63,144.18,57.51,180,6930,7380,7920,252,0.1,1.893,4.362,0.335,0.498,2.327,2925,3006,3110,2842,164,18998,2618,952,304,159,693400,7012022,81.769641495042,"Floresta Ombrófila Densa","Estádio Avançado de Regeneração",245,18,10,1,"FOD"
"206","638",537.03,228.42,130.41,63.18,180,180,7560,8100,253,0.101,2.16,4.163,0.33,0.49,2.5,2932,3012,3161,2850,162,18871,2609,929,306,58,702398,7011990,72.7803145611365,"Floresta Ombrófila Densa","Estádio Médio de Regeneração",246,12,12,1,"FOD"
"207","639",30.78,25.11,21.87,17.82,180,254.558441227157,254.558441227157,8190.49449056649,254,0.11,2.125,3.455,0.303,0.49,2.895,2935,3010,3140,2858,152,18139,2489,905,300,41,711381,7011717,14.5579268292683,"Floresta Ombrófila Densa","Estádio Médio de Regeneração",247,24,13,1,"FOD"
"208","640",239.76,132.84,49.41,37.26,180,180,180,180,255,0.107,1.968,3.747,0.291,0.51,2.695,2936,3005,3084,2864,141,17513,2390,874,295,86,720263,7011635,44.5997458703939,"Floresta Ombrófila Densa","Estádio Médio de Regeneração",248,20,12,1,"FOD"
"209","641",656.1,309.42,177.39,80.19,6120,7020,7560,8100,256,0.103,2.018,4.115,0.296,0.495,2.402,2933,2997,3008,2867,130,18559,2533,900,300,88,729208,7011460,98.8543788187373,"Floresta Ombrófila Densa","Estádio Avançado de Regeneração",249,0,6,2,"FOD"
"210","660",171.72,119.88,72.9,36.45,180,201.246117974981,201.246117974981,12795.5187468113,258,0.092,1.82,4.918,0.334,0.52,1.542,2902,2985,3045,2816,169,21778,2484,1337,155,1004,389751,7022916,39.2766174223128,"Floresta Ombrófila Mista/Floresta Estacional Decidual","Estádio Avançado de Regeneração",251,29,10,3,"FOM"
"211","668",357.21,157.14,88.29,43.74,180,180,180,8010,259,0.096,1.982,5.343,0.303,0.532,1.443,2899,2985,3063,2814,171,21484,2295,1289,166,982,461443,7023769,51.8452532451005,"Floresta Ombrófila Mista","Estádio Avançado de Regeneração",252,22,9,2,"FOM"
"212","669",380.7,173.34,95.58,43.74,180,180,180,180,260,0.096,1.99,5.347,0.283,0.53,1.587,2903,2991,3148,2817,174,20612,2203,1251,163,1018,470287,7023463,57.0556826849733,"Floresta Ombrófila Mista","Estádio Médio de Regeneração",253,28,9,2,"FOM"
"213","672",123.93,85.05,61.56,40.5,180,201.246117974981,201.246117974981,201.246117974981,261,0.1,1.823,5.518,0.303,0.51,1.388,2899,2987,3146,2813,174,18163,1902,1150,149,909,496755,7023630,44.5489199491741,"Floresta Ombrófila Mista","Estádio Médio de Regeneração",254,25,9,1,"FOM"
"214","673",28.35,28.35,28.35,28.35,180,180,180,180,262,0.102,2.002,5.45,0.306,0.5,1.693,2896,2982,3100,2810,172,18624,1961,1190,152,1035,505957,7023521,35.2492370295015,"Floresta Ombrófila Mista","Estádio Avançado de Regeneração",255,32,11,4,"FOM"
"216","681",663.39,312.66,178.2,78.57,6120,7110.56959743732,7830,8190,264,0.095,1.94,5.282,0.368,0.51,1.892,2902,2989,3113,2816,173,20545,2373,1184,240,772,577477,7023311,99.719602345144,"Floresta Ombrófila Densa","Estádio Avançado de Regeneração",257,0,4,2,"FOD"
"217","682",135.27,55.89,48.6,27.54,180,180,180,180,265,0.097,1.725,5.078,0.336,0.51,2.113,2906,2993,3185,2818,175,16221,1894,929,238,710,586526,7023401,33.2313965341488,"Floresta Ombrófila Densa","Estádio Avançado de Regeneração",258,30,13,5,"FOD"
"218","685",204.93,137.7,93.15,51.03,180,180,180,8280,266,0.097,2.023,4.865,0.362,0.52,2.227,2910,2998,3225,2820,178,16576,1908,983,217,612,612954,7023064,43.9216683621567,"Floresta Ombrófila Densa","Estádio Médio de Regeneração",259,31,12,1,"FOD"
"219","686",477.9,225.99,142.56,68.04,180,180,201.246117974981,180,267,0.099,1.81,4.605,0.381,0.508,2.138,2919,3007,3334,2828,179,15184,1760,917,211,415,622143,7022935,76.1444557477111,"Floresta Ombrófila Densa","Estádio Médio de Regeneração",260,28,12,2,"FOD"
"220","687",494.1,238.95,145.8,68.85,180,180,7478.6696677952,8014.54926992155,268,0.097,2.043,5.312,0.368,0.52,2.092,2914,3000,3239,2826,174,14775,1754,890,216,683,631304,7023020,77.4980930587338,"Floresta Ombrófila Densa","Estádio Médio de Regeneração",261,29,10,2,"FOD"
"221","688",596.97,244.62,130.41,56.7,180,180,180,180,269,0.098,1.967,5.022,0.37,0.52,2.018,2899,2981,2954,2817,164,17126,2109,1026,226,862,640217,7022553,75.8515505846467,"Floresta Ombrófila Densa","Estádio Avançado de Regeneração",262,30,12,2,"FOD"
"223","690",677.97,299.7,167.67,72.09,180,6930,7470,7920,271,0.094,2.163,4.477,0.386,0.52,2.177,2912,2994,3052,2830,164,20254,2645,1152,260,511,657803,7022544,95.250190500381,"Floresta Ombrófila Densa","Estádio Avançado de Regeneração",264,24,9,1,"FOD"
"225","712",54.27,54.27,52.65,34.83,180,180,180,180,274,0.105,1.79,4.153,0.332,0.515,2.048,2919,3004,3160,2831,173,22287,2560,1455,149,681,353879,7032686,16.8917197452229,"Floresta Estacional Decidual/Floresta Ombrófila Mista","Estádio Avançado de Regeneração",267,26,11,4,"FED"
"226","714",24.3,24.3,24.3,20.25,284.604989415154,284.604989415154,402.492235949962,16650.2432414665,275,0.098,1.737,4.348,0.324,0.498,2.327,2910,2993,3072,2824,169,21834,2545,1381,157,828,371402,7032591,7.7766445690974,"Floresta Ombrófila Mista/Floresta Estacional Decidual","Estádio Avançado de Regeneração",268,25,13,2,"FOM"
"227","717",515.16,234.9,146.61,68.04,180,180,284.604989415154,4969.59756922027,276,0.096,1.957,5.49,0.343,0.51,1.367,2898,2979,2977,2815,164,25246,2903,1529,164,1073,398834,7033091,74.3896236012208,"Floresta Ombrófila Mista","Estádio Avançado de Regeneração",269,6,11,6,"FOM"
"228","718",693.36,302.13,173.34,78.57,2991.73862494704,3964.08879819814,4519.7566306163,4969.59756922027,277,0.095,1.868,4.932,0.327,0.51,1.617,2906,2988,3026,2823,165,21329,2429,1289,164,921,403597,7036602,96.8431771894094,"Floresta Ombrófila Mista","Estádio Avançado de Regeneração",270,17,8,2,"FOM"
"229","723",425.25,212.22,136.08,68.04,180,180,360,12668.2792833123,278,0.092,2.005,5.633,0.337,0.52,1.212,2884,2968,2956,2803,165,26385,2863,1551,179,1328,452063,7033622,70.0280112044818,"Floresta Ombrófila Mista","Estádio Avançado de Regeneração",271,25,10,11,"FOM"
"230","725",350.73,215.46,135.27,72.9,201.246117974981,8190.49449056649,8734.17425976835,9187.05611172589,279,0.096,2.148,5.752,0.322,0.512,1.315,2899,2986,3089,2814,172,19324,2056,1164,165,936,469856,7033587,66.8702290076336,"Floresta Ombrófila Mista","Estádio Avançado de Regeneração",272,31,11,3,"FOM"
"231","727",451.98,148.23,76.95,43.74,180,180,180,180,280,0.098,1.818,5.222,0.285,0.51,1.823,2895,2987,3336,2806,181,15260,1493,910,137,880,510329,6903875,66.3383838383838,"Floresta Ombrófila Mista/Floresta Estacional Decidual","Estádio Avançado de Regeneração",273,6,10,2,"FOM"
"232","728",417.96,218.7,144.99,69.66,180,201.246117974981,5994.29728992482,6502.46107254784,281,0.094,1.8,5.44,0.289,0.5,1.548,2904,2992,3155,2818,174,17553,1829,1094,154,865,497832,7033664,69.3955623565417,"Floresta Ombrófila Mista","Estádio Avançado de Regeneração",274,17,16,5,"FOM"
"233","732",339.39,170.91,116.64,55.89,180,180,8567.03566001683,284.604989415154,282,0.095,1.87,5.687,0.28,0.5,1.593,2885,2970,2975,2805,165,20195,2196,1248,180,1179,532361,7033479,54.4387755102041,"Floresta Ombrófila Mista","Estádio Avançado de Regeneração",275,22,12,5,"FOM"
"235","736",377.46,183.87,111.78,53.46,180,180,270,7652.11735403999,284,0.093,2.5,4.873,0.36,0.507,1.917,2876,2960,2904,2794,166,24679,2766,1474,212,1286,568660,7033074,54.513094330028,"Floresta Ombrófila Mista","Estádio Avançado de Regeneração",277,27,9,1,"FOM"
"236","739",16.2,16.2,16.2,16.2,180,180,180,180,286,0.102,2.107,4.45,0.339,0.51,2.457,2915,3003,3246,2824,179,17428,2009,1014,227,564,595659,7033305,16.9003313790466,"Floresta Ombrófila Mista","Estádio Médio de Regeneração",278,23,12,1,"FOM"
"237","742",560.52,226.8,125.55,47.79,5940,180,7470,180,287,0.098,1.862,5.145,0.374,0.51,2.127,2908,2993,3129,2821,172,15415,1785,929,211,718,622295,7032747,72.9660800816118,"Floresta Ombrófila Densa","Estádio Avançado de Regeneração",279,23,9,3,"FOD"
"238","743",673.92,293.22,160.38,71.28,5940,6930,7470,8010,288,0.101,2.168,4.48,0.351,0.505,2.295,2920,3006,3270,2832,174,14748,1751,884,215,372,631182,7032809,92.5586136595311,"Floresta Ombrófila Densa","Estádio Médio de Regeneração",280,12,8,7,"FOD"
"240","750",523.26,286.74,170.91,79.38,180,8010,8550,9090,292,0.103,1.948,4.025,0.299,0.495,2.372,2929,3007,3094,2846,161,15707,2181,845,295,250,693866,7032054,91.0040774719674,"Floresta Ombrófila Densa","Estádio Avançado de Regeneração",284,19,11,1,"FOD"
"241","752",420.39,216.27,94.77,46.98,270,7205.06072146516,201.246117974981,254.558441227157,293,0.103,2.192,4.038,0.332,0.485,2.515,2933,3003,3069,2858,145,18724,2562,949,296,75,711585,7031747,65.8859470468432,"Floresta Ombrófila Densa","Estádio Avançado de Regeneração",285,18,15,2,"FOD"
"243","784",405,225.99,149.85,72.9,180,201.246117974981,8370,8910,295,0.088,2.162,6.252,0.355,0.51,1.063,2877,2964,2955,2795,169,21473,2262,1301,161,1372,488176,7043258,71.0211357270181,"Floresta Ombrófila Mista","Estádio Avançado de Regeneração",287,24,11,3,"FOM"
"244","789",308.61,167.67,113.4,47.79,180,180,180,180,296,0.094,1.933,4.993,0.301,0.5,1.568,2894,2980,3011,2812,168,18892,2062,1146,190,1030,532730,7043389,52.015306122449,"Floresta Ombrófila Mista","Estádio Médio de Regeneração",288,17,10,5,"FOM"
"245","793",540.27,263.25,127.17,61.56,180,7830,180,201.246117974981,297,0.095,2.097,5.24,0.385,0.49,1.663,2902,2988,3061,2817,171,20736,2320,1249,216,870,568622,7043273,79.9540347293156,"Floresta Ombrófila Mista","Estádio Médio de Regeneração",289,15,11,2,"FOM"
"246","794",617.22,275.4,153.9,72.9,5052.84078514255,6120,6660,7025.19038887915,298,0.098,2.51,4.768,0.296,0.51,1.998,2907,2994,3127,2820,174,19315,2188,1147,222,817,578345,7042714,86.0969387755102,"Floresta Ombrófila Mista/Floresta Ombrófila Densa","Estádio Avançado de Regeneração",290,23,10,3,"FOM"
"247","795",266.49,148.23,85.05,43.74,180,180,180,180,299,0.096,1.783,5.398,0.374,0.512,1.858,2908,2995,3140,2820,175,17728,2019,1047,220,651,586333,7042992,48.8650854373884,"Floresta Ombrófila Densa","Estádio Médio de Regeneração",291,29,11,3,"FOD"
"248","796",443.88,224.37,132.03,62.37,180,201.246117974981,270,8010,300,0.097,1.943,5.132,0.375,0.502,2.072,2905,2992,3127,2816,176,16454,1869,975,214,768,595476,7043099,72.6971166113805,"Floresta Ombrófila Densa","Estádio Avançado de Regeneração",292,29,10,2,"FOD"
"251","801",667.44,305.37,172.53,76.95,6215.86679393952,7290,7740,8190,303,0.095,2.313,5.495,0.428,0.497,1.94,2900,2980,2915,2820,160,20411,2508,1207,232,719,640082,7042535,97.8305257784584,"Floresta Ombrófila Densa","Estádio Avançado de Regeneração",295,22,8,1,"FOD"
"252","802",306.99,160.38,99.63,48.6,180,180,180,8190,304,0.101,1.9,4.663,0.266,0.502,2.387,2911,2990,2964,2831,159,17785,2269,1019,254,575,649179,7042591,53.1194295900178,"Floresta Ombrófila Densa","Estádio Médio de Regeneração",296,27,14,2,"FOD"
"257","832",179.01,110.97,81,56.7,180,180,180,8100,314,0.1,1.925,5.738,0.334,0.51,1.063,2895,2977,2949,2815,162,24390,2716,1475,159,1085,407416,7053111,42.412649834226,"Floresta Ombrófila Mista","Estádio Avançado de Regeneração",306,32,13,7,"FOM"
"258","836",107.73,89.1,65.61,38.88,180,180,180,8284.40100429717,315,0.098,1.887,6.015,0.316,0.51,1.343,2883,2967,2939,2802,165,26031,2824,1538,165,1273,442995,7053114,27.8797145769623,"Floresta Ombrófila Mista","Estádio Médio de Regeneração",307,32,16,12,"FOM"
"259","837",230.04,144.18,97.2,49.41,180,180,201.246117974981,254.558441227157,316,0.094,1.945,5.775,0.366,0.51,1.207,2881,2966,2956,2800,166,24690,2692,1462,170,1294,452208,7053630,49.1707068129625,"Floresta Ombrófila Mista","Estádio Médio de Regeneração",308,31,14,8,"FOM"
"260","843",537.84,235.71,136.89,67.23,180,180,180,11421.4928971654,317,0.092,2.247,5.837,0.365,0.507,1.323,2882,2968,2977,2800,168,19702,2100,1191,177,1256,524755,7052872,73.0357142857143,"Floresta Ombrófila Mista","Estádio Avançado de Regeneração",309,11,11,2,"FOM"
"261","845",334.53,169.29,97.2,48.6,180,180,12032.0945807453,201.246117974981,318,0.097,2.165,5.133,0.308,0.49,1.655,2892,2978,3012,2809,169,19508,2151,1176,194,1071,541802,7053286,47.4528782475802,"Floresta Ombrófila Mista","Estádio Médio de Regeneração",310,16,12,3,"FOM"
"262","847",588.06,275.4,170.91,79.38,180,180,8820,9360,319,0.09,2.19,5.287,0.354,0.49,1.617,2894,2979,3024,2810,169,20090,2237,1218,204,1018,559712,7053287,87.1428571428571,"Floresta Ombrófila Mista","Estádio Avançado de Regeneração",311,14,13,2,"FOM"
"263","850",332.91,217.89,129.6,63.18,180,180,8730,201.246117974981,320,0.108,2.068,4.592,0.342,0.518,2.442,2917,3005,3205,2827,178,15554,1743,941,202,547,586592,7053132,68.301404853129,"Floresta Ombrófila Mista","Estádio Médio de Regeneração",312,25,12,2,"FOM"
"264","852",562.14,278.64,158.76,76.14,180,7020,180,8100,321,0.099,2.072,5.055,0.358,0.5,2.112,2913,2999,3180,2824,175,16488,1852,987,204,641,604510,7053001,83.7506387327542,"Floresta Ombrófila Mista/Floresta Ombrófila Densa","Estádio Médio de Regeneração",313,30,12,1,"FOM"
"266","856",664.2,308.61,172.53,76.95,6030,7020,7560,8100,323,0.096,3.232,5.45,0.422,0.482,1.83,2895,2973,2811,2817,156,20753,2551,1230,232,913,640342,7052664,98.2138300586884,"Floresta Ombrófila Mista","Estádio Avançado de Regeneração",315,3,4,3,"FOM"
"267","857",632.61,309.42,175.77,78.57,284.604989415154,6840,7380,7920,324,0.096,2.385,4.975,0.347,0.49,2.277,2896,2973,2784,2820,153,18865,2401,1104,247,908,649304,7052561,98.00969635111,"Floresta Ombrófila Densa","Estádio Avançado de Regeneração",316,2,4,3,"FOD"
"268","858",596.97,283.5,165.24,72.09,180,6840,7380,7920,325,0.098,2.18,5.203,0.272,0.49,2.187,2904,2982,2813,2827,155,20969,2762,1178,264,729,658123,7052641,90.3694267515924,"Floresta Ombrófila Densa","Estádio Avançado de Regeneração",317,13,13,1,"FOD"
"272","886",90.72,49.41,37.26,17.82,180,180,180,180,330,0.102,1.663,4.83,0.248,0.52,2.052,2904,2996,3431,2812,184,15420,1547,913,135,843,496675,6919190,36.0394537177542,"Floresta Ombrófila Mista/Floresta Estacional Decidual","Estádio Médio de Regeneração",322,24,11,3,"FOM"
"273","887",562.14,295.65,169.29,77.76,201.246117974981,8460,8910,9450,331,0.1,2.073,5.378,0.289,0.5,1.513,2891,2979,3063,2806,173,18792,1993,1119,170,1025,497224,7063018,94.312675337924,"Floresta Ombrófila Mista","Estádio Avançado de Regeneração",323,4,6,5,"FOM"
"274","894",396.09,185.49,101.25,36.45,201.246117974981,180,201.246117974981,180,332,0.097,1.953,5.138,0.292,0.51,1.612,2902,2989,3086,2816,173,18979,2109,1160,198,858,559789,7063513,58.6840091813313,"Floresta Ombrófila Mista","Estádio Médio de Regeneração",324,23,11,1,"FOM"
"275","895",387.18,207.36,124.74,68.04,180,201.246117974981,201.246117974981,7832.06869224217,333,0.094,1.94,5.172,0.399,0.51,1.743,2903,2990,3104,2816,174,17639,1957,1080,197,824,568461,7063060,65.0753127393413,"Floresta Ombrófila Mista","Estádio Médio de Regeneração",325,26,12,1,"FOM"
"276","899",687.69,306.18,170.1,76.14,6939.34434943244,8010,8550,9000,334,0.102,1.752,4.62,0.25,0.522,2.532,2911,2996,3129,2823,173,14520,1621,870,198,723,604911,7063015,96.9109011998979,"Floresta Ombrófila Densa","Estádio Avançado de Regeneração",326,17,20,1,"FOD"
"277","901",392.85,204.93,119.07,60.75,180,7110,201.246117974981,8191.977783173,335,0.096,2.63,5.143,0.363,0.482,1.897,2898,2978,2922,2816,162,18541,2140,1121,203,960,622441,7062830,66.6411434405309,"Floresta Ombrófila Mista","Estádio Avançado de Regeneração",327,19,10,4,"FOM"
"278","902",489.24,309.42,177.39,78.57,180,7110,7650,8191.977783173,336,0.094,2.658,5.192,0.402,0.482,1.93,2894,2973,2846,2815,158,19859,2364,1194,216,1006,631481,7062721,96.3199591106568,"Floresta Ombrófila Mista","Estádio Avançado de Regeneração",328,12,8,5,"FOM"
"280","906",663.39,315.09,174.96,76.14,201.246117974981,7020,7560,8100,338,0.095,2.167,4.82,0.406,0.49,2.003,2896,2972,2689,2821,151,22940,3110,1250,285,888,667354,7062307,99.5661051556917,"Floresta Ombrófila Densa/Floresta Ombrófila Mista","Estádio Médio de Regeneração",330,6,3,1,"FOD"
"282","912",298.89,210.6,147.42,70.47,180,180,7382.19479558756,7838.27149312908,341,0.102,2.737,3.565,0.359,0.49,3.463,2941,3007,3039,2869,138,18391,2505,927,303,16,721474,7061673,2.01530612244898,"Floresta Ombrófila Densa de Terras Baixas","Estádio Avançado de Regeneração",333,8,7,1,"FOD"
"283","918",134.46,99.63,76.14,34.83,180,180,180,201.246117974981,343,0.101,1.765,5.36,0.283,0.515,1.525,2914,2997,3084,2829,168,22678,2620,1184,185,701,272537,7071222,37.1231476750128,"Floresta Estacional Decidual/Floresta Ombrófila Mista","Estádio Médio de Regeneração",334,18,9,2,"FED"
"284","933",577.53,234.9,130.41,72.09,5940,7020,201.246117974981,7920.51134712905,348,0.093,2.037,5.433,0.343,0.507,1.375,2891,2979,3074,2805,174,20538,2204,1217,170,1079,497009,7073361,72.1470513147817,"Floresta Ombrófila Mista","Estádio Médio de Regeneração",339,22,11,2,"FOM"
"285","934",536.22,248.67,140.13,68.04,180,180,180,7920.51134712905,349,0.09,2.272,5.712,0.343,0.51,1.39,2884,2971,3013,2798,173,20792,2230,1227,174,1130,505892,7073176,79.2592592592593,"Floresta Ombrófila Mista","Estádio Avançado de Regeneração",340,27,11,2,"FOM"
"287","939",606.69,277.83,157.95,74.52,5940,7110.56959743732,7560,8190,351,0.096,2.333,5.033,0.35,0.505,1.647,2902,2988,3103,2816,172,20094,2221,1207,189,919,550932,7073307,85.8273748723187,"Floresta Ombrófila Mista","Estádio Avançado de Regeneração",342,21,10,1,"FOM"
"289","945",443.07,190.35,117.45,49.41,180,180,180,254.558441227157,354,0.096,1.948,4.965,0.319,0.5,1.987,2902,2985,2987,2816,169,16354,1814,998,187,844,604786,7072899,61.803781297905,"Floresta Ombrófila Mista/Floresta Ombrófila Densa","Estádio Médio de Regeneração",345,25,12,1,"FOM"
"290","946",494.91,219.51,137.7,67.23,180,180,180,8100,355,0.099,2.455,4.993,0.325,0.49,2.18,2898,2980,2945,2815,165,17590,1980,1067,194,922,613802,7072914,71.2423312883436,"Floresta Ombrófila Mista","Estádio Médio de Regeneração",346,23,10,2,"FOM"
"291","949",402.57,212.22,129.6,60.75,180,180,180,12479.2067055562,356,0.096,2.185,4.943,0.401,0.497,2.088,2900,2977,2819,2822,155,18039,2210,1082,225,871,640521,7072621,67.6718630207002,"Floresta Ombrófila Mista","Estádio Médio de Regeneração",347,16,10,2,"FOM"
"293","953",483.57,205.74,137.7,58.32,201.246117974981,201.246117974981,8551.89452694548,9090.44553363585,358,0.103,2.085,4.037,0.268,0.488,2.912,2934,3011,2999,2855,156,17493,2378,910,302,262,676170,7072162,68.1574239713775,"Floresta Ombrófila Densa","Estádio Avançado de Regeneração",349,13,9,1,"FOD"
"294","974",340.2,156.33,83.43,42.12,180,180,180,254.558441227157,361,0.093,2.31,5.3,0.347,0.5,1.73,2894,2982,3121,2805,177,18821,2074,1098,181,1038,506184,7083208,49.6036819227819,"Floresta Ombrófila Mista","Estádio Médio de Regeneração",351,21,10,2,"FOM"
"295","976",362.88,165.24,102.06,52.65,180,180,180,16290,362,0.098,2.307,4.875,0.311,0.518,1.643,2899,2986,3119,2810,176,17330,1870,1009,179,788,523348,7082969,49.8592990534664,"Floresta Ombrófila Mista","Estádio Médio de Regeneração",352,28,9,9,"FOM"
"296","978",563.76,276.21,163.62,78.57,180,6840,7380,7740,363,0.092,2.548,5.513,0.396,0.5,1.612,2888,2973,3007,2802,171,18255,1982,1070,187,1117,541866,7082019,88.5451291229864,"Floresta Ombrófila Mista","Estádio Avançado de Regeneração",353,10,7,1,"FOM"
"297","979",82.62,64.8,52.65,38.88,201.246117974981,270,270,270,364,0.098,2.137,5.033,0.388,0.5,1.897,2906,2991,3148,2817,174,16613,1821,986,187,820,551020,7083144,35.3452685421995,"Floresta Ombrófila Mista","Estádio Médio de Regeneração",354,31,11,2,"FOM"
"298","984",530.55,255.96,156.33,77.76,180,270,180,12610.9238361034,366,0.102,2.1,4.763,0.315,0.497,1.96,2904,2987,3028,2818,169,16666,1837,1014,189,827,595772,7082975,83.9180537772087,"Floresta Ombrófila Mista","Estádio Médio de Regeneração",356,29,11,2,"FOM"
"299","991",635.85,272.16,142.56,63.18,6030,7110,7560,8100,367,0.1,1.812,4.915,0.425,0.502,2.248,2901,2977,2728,2824,153,19354,2472,1086,251,882,658634,7082380,83.8866189989785,"Floresta Ombrófila Densa","Estádio Avançado de Regeneração",357,7,8,1,"FOD"
"302","995",501.39,247.05,149.85,70.47,201.246117974981,7415.03877265655,7740,8280,371,0.102,2.08,3.968,0.346,0.475,2.862,2934,3009,2999,2855,154,20621,2881,1037,323,156,694690,7081906,77.590607452782,"Floresta Ombrófila Densa","Estádio Avançado de Regeneração",361,7,10,2,"FOD"
"303","997",345.87,210.6,137.7,56.7,201.246117974981,11647.6134894664,12159.3297512651,12564.2707707212,372,0.104,2.648,3.497,0.328,0.487,3.133,2942,3014,3046,2864,150,19402,2704,949,331,36,712523,7081585,31.3920817369093,"Floresta Ombrófila Densa de Terras Baixas","Estádio Médio de Regeneração",362,21,11,2,"FOD"
"306","1003",149.04,112.59,77.76,46.98,180,201.246117974981,254.558441227157,254.558441227157,375,0.102,1.815,6.188,0.296,0.522,1.088,2909,2991,3059,2824,167,24298,2828,1252,185,890,272161,7091040,45.2965235173824,"Floresta Ombrófila Mista","Estádio Médio de Regeneração",365,32,13,2,"FOM"
"307","1010",408.24,199.26,108.54,42.12,180,6585.39292677362,201.246117974981,201.246117974981,378,0.106,2.37,4.83,0.292,0.492,2.123,2907,2993,3161,2817,176,16480,1796,966,182,805,550360,7093341,62.1006900076667,"Floresta Ombrófila Mista","Estádio Médio de Regeneração",368,23,11,4,"FOM"
"308","1013",501.39,268.92,153.9,75.33,360,1310.41978007049,1835.6470248934,2367.53035883386,379,0.101,2.92,4.833,0.417,0.492,2.233,2907,2990,3091,2819,171,17569,1924,1070,182,831,577876,7093073,84.1485275288092,"Floresta Ombrófila Mista","Estádio Avançado de Regeneração",369,23,11,7,"FOM"
"309","1016",261.63,132.84,76.14,42.93,180,180,180,12743.8220326557,380,0.098,2.29,4.912,0.304,0.49,2.133,2902,2982,2937,2818,164,18286,2034,1115,193,903,604852,7093203,40.2557544757033,"Floresta Ombrófila Mista","Estádio Avançado de Regeneração",370,27,12,2,"FOM"
"310","1019",163.62,107.73,68.85,32.4,180,201.246117974981,201.246117974981,381.837661840736,381,0.101,2.077,4.832,0.286,0.5,2.095,2902,2981,2882,2820,161,16006,1890,961,207,911,631660,7092705,50.9964230965764,"Floresta Ombrófila Mista","Estádio Avançado de Regeneração",371,30,10,3,"FOM"
"311","1024",471.42,136.89,89.1,42.12,201.246117974981,180,284.604989415154,284.604989415154,383,0.098,2.538,4.7,0.356,0.5,2.455,2893,2966,2624,2819,147,26738,3562,1399,285,1011,676902,7092314,61.2829031433683,"Floresta Ombrófila Mista","Estádio Médio de Regeneração",373,28,12,4,"FOM"
"313","1042",257.58,135.27,88.29,47.79,180,254.558441227157,12031.7579762893,180,389,0.101,1.88,4.382,0.364,0.502,2.922,2906,2986,2938,2822,164,15869,1814,952,199,845,622895,7102689,46.3370901639344,"Floresta Ombrófila Mista","Estádio Médio de Regeneração",378,28,13,2,"FOM"
"315","1052",624.51,312.66,177.39,78.57,180,8190,8550,9090,393,0.107,1.958,4.388,0.341,0.485,2.258,2933,3003,2892,2857,146,26104,3875,1167,378,306,730844,7101220,99.8463114754098,"Floresta Ombrófila Densa","Estádio Avançado de Regeneração",382,0,4,1,"FOD"
"316","1055",57.51,57.51,57.51,42.12,180,180,180,180,394,0.103,2.192,5.045,0.344,0.49,2.267,2909,2992,3115,2819,173,18363,2035,1029,185,792,551086,7113054,27.7592829705506,"Floresta Ombrófila Mista","Estádio Médio de Regeneração",383,32,13,4,"FOM"
"317","1056",317.52,128.79,89.1,43.74,180,180,180,180,395,0.103,2.243,4.977,0.405,0.497,2.232,2909,2992,3107,2820,172,17217,1919,978,185,838,559996,7113104,45.3473468341451,"Floresta Ombrófila Mista","Estádio Médio de Regeneração",384,29,14,11,"FOM"
"318","1059",179.01,145.8,101.25,45.36,180,180,201.246117974981,17370,396,0.1,1.993,5.148,0.289,0.502,1.898,2907,2989,3001,2820,169,17449,1923,1035,184,855,586700,7112619,53.7141393442623,"Floresta Ombrófila Mista","Estádio Avançado de Regeneração",385,32,12,3,"FOM"
"319","1061",98.01,64.8,51.03,35.64,201.246117974981,270,270,17370,397,0.101,2.318,4.762,0.31,0.5,2.163,2906,2986,2944,2820,166,17496,1938,1041,191,878,604915,7112851,25.4489481785531,"Floresta Ombrófila Mista","Estádio Avançado de Regeneração",386,31,11,2,"FOM"
"320","1062",12.15,12.15,12.15,10.53,180,180,180,5994.29728992482,398,0.104,1.607,5.023,0.292,0.505,1.683,2901,2990,3327,2811,179,19134,1960,1135,134,869,479052,6933420,15.6060606060606,"Floresta Ombrófila Mista","Estádio Médio de Regeneração",387,27,14,4,"FOM"
"321","1063",456.84,174.96,102.87,52.65,180,180,7470,8010,399,0.1,2.12,4.053,0.278,0.492,2.663,2904,2978,2676,2830,148,19349,2507,1020,269,854,677139,7112165,57.0769230769231,"Floresta Ombrófila Mista","Estádio Avançado de Regeneração",388,25,14,2,"FOM"
"322","1066",703.08,312.66,176.58,79.38,6120,7200,7650,8100,402,0.098,2.202,4.49,0.345,0.5,2.003,2905,2978,2615,2831,147,26882,3924,1259,360,783,704054,7111686,100,"Floresta Ombrófila Densa","Estádio Avançado de Regeneração",390,0,2,7,"FOD"
"323","1068",471.42,248.67,142.56,72.09,270,6112.05366468587,201.246117974981,7137.85682120341,403,0.097,2.102,3.923,0.323,0.48,2.94,2943,3018,3021,2864,154,21425,3217,957,387,0,721981,7111324,45.1166367598052,"Floresta Ombrófila Densa","Estádio Avançado de Regeneração",391,16,10,2,"FOD"
"324","1072",482.76,255.96,152.28,72.09,180,201.246117974981,5721.19742711261,6205.43310333775,405,0.103,2.167,4.21,0.302,0.478,2.545,2938,3013,2968,2860,153,27219,4058,1194,383,109,713178,7121471,80.3287108371854,"Floresta Ombrófila Densa","Estádio Avançado de Regeneração",393,13,9,5,"FOD"
"325","1073",511.92,222.75,131.22,60.75,180,180,201.246117974981,2362.3928547132,406,0.103,2.31,3.858,0.293,0.49,2.978,2943,3017,3002,2865,152,21288,3210,922,396,31,722186,7121469,36.1538461538462,"Floresta Ombrófila Densa","Estádio Médio de Regeneração",394,2,8,1,"FOD"
"326","1074",692.55,314.28,177.39,79.38,6120,7110,7560.53569530625,8100,407,0.104,2.433,3.6,0.332,0.48,3.083,2944,3015,2975,2868,147,22801,3463,946,406,23,731199,7121164,19.1833590138675,"Floresta Ombrófila Densa de Terras Baixas","Estádio Avançado de Regeneração",395,0,7,1,"FOD"
"328","1187",85.05,56.7,48.6,31.59,180,180,180,180,409,0.1,1.667,4.843,0.268,0.505,1.923,2909,2997,3332,2819,178,18869,1981,1129,137,753,470204,6943782,28.5967130214918,"Floresta Estacional Decidual/Floresta Ombrófila Mista","Estádio Avançado de Regeneração",397,24,11,1,"FED"
"329","1188",66.42,38.88,29.16,14.58,180,180,180,180,410,0.099,1.838,5.033,0.279,0.52,2.098,2913,3002,3393,2823,179,19133,2000,1148,136,667,474309,6943847,30.0303336703741,"Floresta Estacional Decidual/Floresta Ombrófila Mista","Estádio Médio de Regeneração",398,24,10,2,"FED"
"330","1190",27.54,27.54,27.54,24.3,180,180,180,180,411,0.105,1.563,5.287,0.258,0.51,1.792,2911,3000,3380,2820,180,17382,1834,1063,139,747,483943,6943400,32.8022255943348,"Floresta Ombrófila Mista/Floresta Estacional Decidual","Estádio Avançado de Regeneração",399,22,12,2,"FOM"
"331","1191",52.65,52.65,52.65,38.07,180,180,180,3259.93864972947,412,0.094,1.602,5.515,0.289,0.52,1.617,2906,2995,3372,2815,180,17192,1811,1058,139,843,488102,6943976,17.5757575757576,"Floresta Ombrófila Mista/Floresta Estacional Decidual","Estádio Médio de Regeneração",400,23,11,3,"FOM"
"332","1195",213.84,163.62,127.17,71.28,180,180,8640,9181.76453629693,413,0.094,1.803,5.605,0.296,0.51,1.547,2894,2983,3289,2803,180,17527,1789,1071,137,987,505919,6943782,52.1596362717858,"Floresta Ombrófila Mista","Estádio Médio de Regeneração",401,20,11,2,"FOM"
"333","1249",226.8,166.86,123.12,67.23,180,201.246117974981,254.558441227157,6110.72827083646,414,0.099,1.76,4.723,0.266,0.52,2.315,2909,2998,3336,2819,179,17944,1950,1073,144,733,457295,6948493,62.4050632911392,"Floresta Estacional Decidual/Floresta Ombrófila Mista","Estádio Médio de Regeneração",402,10,13,5,"FED"
"334","1318",516.78,252.72,152.28,69.66,180,180,3060,3510,415,0.105,1.943,3.783,0.27,0.53,2.75,2915,3004,3402,2823,181,18825,2070,1118,149,516,448156,6953621,82.9441624365482,"Floresta Estacional Decidual/Floresta Ombrófila Mista","Estádio Avançado de Regeneração",403,10,11,6,"FED"
"336","1461",33.21,33.21,32.4,17.82,180,180,180,180,417,0.101,1.812,4.738,0.278,0.522,2.017,2919,3010,3468,2823,187,18300,2115,1077,165,621,421438,6963447,38.2665990876837,"Floresta Estacional Decidual","Estádio Médio de Regeneração",405,32,11,1,"FED"
"337","1542",300.51,171.72,115.83,55.08,180,270,5097.52881306227,5606.06814086308,419,0.103,1.71,4.708,0.264,0.53,2.093,2920,3009,3397,2826,183,19181,2202,1164,162,604,430205,6968500,55.5217831813577,"Floresta Estacional Decidual/Floresta Ombrófila Mista","Estádio Médio de Regeneração",407,14,9,2,"FED"
"338","1616",162.81,87.48,68.85,39.69,180,180,180,201.246117974981,420,0.1,1.772,5.105,0.276,0.53,1.817,2921,3011,3452,2825,186,18349,2102,1106,162,627,412475,6973357,42.1867072552004,"Floresta Estacional Decidual","Estádio Avançado de Regeneração",408,23,10,1,"FED"
"339","1618",56.7,55.89,46.98,37.26,180,180,180,180,421,0.099,2.185,5.125,0.283,0.53,1.788,2916,3005,3361,2823,182,20183,2291,1218,160,618,421275,6973438,35.9078247657635,"Floresta Estacional Decidual","Estádio Médio de Regeneração",409,32,12,1,"FED"
"341","1693",301.32,146.61,56.7,17.82,180,180,201.246117974981,180,423,0.102,1.895,4.832,0.279,0.515,2.127,2923,3013,3481,2825,188,18009,2085,1110,162,544,403562,6978412,48.7446107025108,"Floresta Estacional Decidual","Estádio Médio de Regeneração",411,30,11,1,"FED"
"343","1703",64.8,54.27,50.22,39.69,180,180,180,5158.34275712656,425,0.102,1.675,4.287,0.297,0.52,2.27,2920,3009,3356,2829,180,18424,2074,1147,159,574,447956,6978002,31.3054499366286,"Floresta Estacional Decidual","Estádio Médio de Regeneração",413,27,14,3,"FED"
"344","1770",258.39,213.84,143.37,69.66,180,180,15337.5421759811,15882.8964612882,426,0.101,1.825,4.243,0.331,0.53,2.115,2924,3013,3452,2829,184,18259,2084,1126,154,566,332205,6982532,69.8908352373699,"Floresta Estacional Decidual","Estádio Médio de Regeneração",414,30,9,1,"FED"
"346","1775",144.18,76.14,34.02,22.68,180,254.558441227157,180,180,428,0.1,2.072,4.307,0.316,0.528,2.248,2924,3015,3544,2824,191,17508,2062,1101,162,554,385676,6983131,34.0274250888776,"Floresta Estacional Decidual","Estádio Avançado de Regeneração",416,25,11,1,"FED"
"347","1787",223.56,130.41,84.24,48.6,180,180,180,9000,429,0.098,1.817,4.815,0.281,0.52,2.155,2920,3008,3325,2829,179,19710,2205,1192,160,621,439191,6983723,50.1014198782961,"Floresta Estacional Decidual","Estádio Avançado de Regeneração",417,24,10,1,"FED"
"348","1859",191.97,136.08,95.58,41.31,180,180,180,201.246117974981,430,0.099,2.365,4.113,0.345,0.52,2.243,2925,3017,3562,2825,192,18618,2120,1178,149,539,349979,6987736,43.3967046894804,"Floresta Estacional Decidual","Estádio Médio de Regeneração",418,22,10,2,"FED"
"349","1861",272.16,174.15,115.83,63.99,180,180,180,5427.67906199326,431,0.102,2.037,3.948,0.305,0.52,2.38,2926,3018,3585,2825,193,17913,2043,1129,150,511,359234,6988064,53.3620908398884,"Floresta Estacional Decidual","Estádio Médio de Regeneração",419,30,10,1,"FED"
"350","1864",136.08,59.94,35.64,21.06,180,254.558441227157,402.492235949962,4050,432,0.104,1.918,4.148,0.298,0.525,2.303,2920,3011,3483,2820,191,19534,2231,1236,150,569,372063,6988039,26.8305041803902,"Floresta Estacional Decidual","Estádio Avançado de Regeneração",420,22,10,1,"FED"
"351","1959",118.26,87.48,54.27,26.73,180,371.079506305589,371.079506305589,180,434,0.099,1.735,4.538,0.302,0.53,2.18,2919,3009,3407,2823,186,23658,2664,1502,145,684,345228,6993131,29.9086757990868,"Floresta Estacional Decidual","Estádio Médio de Regeneração",422,21,10,4,"FED"
"352","1961",237.33,124.74,65.61,29.16,180,201.246117974981,201.246117974981,3960,435,0.098,1.633,4.202,0.308,0.52,2.402,2922,3013,3476,2823,190,19073,2156,1206,146,520,354319,6992964,36.2274689007362,"Floresta Estacional Decidual","Estádio Avançado de Regeneração",423,25,8,2,"FED"
"354","1970",209.79,124.74,76.95,43.74,180,180,180,180,437,0.099,1.858,4.53,0.283,0.52,2.108,2920,3008,3332,2825,183,21136,2462,1300,161,556,394361,6993287,41.3302868748413,"Floresta Estacional Decidual/Floresta Ombrófila Mista","Estádio Médio de Regeneração",425,29,9,2,"FED"
"355","1980",306.18,208.17,127.17,64.8,180,2790,3421.18400557468,180,438,0.098,1.803,5.14,0.305,0.522,1.753,2913,3000,3215,2824,176,20448,2294,1216,167,752,439328,6993546,63.2808532249873,"Floresta Ombrófila Mista/Floresta Estacional Decidual","Estádio Avançado de Regeneração",426,26,9,4,"FOM"
"356","2001",450.36,309.42,225.99,125.55,180,201.246117974981,5876.93797823322,6363.96103067893,439,0.104,2.03,4.993,0.294,0.5,2.195,2908,2992,3091,2820,172,16945,1863,1013,180,811,569741,7100144,67.8525723061172,"Floresta Ombrófila Mista","Estádio Avançado de Regeneração",427,8,9,5,"FOM"
"357","2002",450.36,309.42,225.99,125.55,180,201.246117974981,5876.93797823322,6363.96103067893,440,0.104,2.042,5.007,0.373,0.502,2.107,2908,2992,3103,2820,172,17023,1872,1019,180,827,570586,7100232,66.2231320368475,"Floresta Ombrófila Mista","Estádio Avançado de Regeneração",428,8,9,5,"FOM"
"360","2081",136.89,63.99,34.83,19.44,180,180,180,180,445,0.098,1.777,4.348,0.312,0.51,2.147,2915,3004,3340,2818,186,22028,2495,1410,147,715,372159,6997955,38.5710653445207,"Floresta Estacional Decidual","Estádio Médio de Regeneração",433,17,9,1,"FED"
"361","2083",349.92,175.77,96.39,44.55,180,270,180,180,446,0.099,1.908,4.617,0.326,0.51,1.977,2921,3010,3391,2824,186,19829,2301,1245,156,531,381153,6998121,51.0292249047014,"Floresta Estacional Decidual","Estádio Avançado de Regeneração",434,29,10,1,"FED"
"362","2099",291.6,144.18,85.05,55.89,180,180,180,3691.09739779378,448,0.099,1.913,5.148,0.291,0.532,1.865,2921,3009,3308,2831,178,18102,1993,1093,164,687,452327,6998543,50.0126871352449,"Floresta Estacional Decidual","Estádio Avançado de Regeneração",436,24,9,2,"FED"
"363","2100",298.08,118.26,81.81,49.41,180,180,180,270,449,0.1,1.913,5.19,0.3,0.532,1.723,2914,3001,3255,2825,176,18212,1993,1108,161,760,456893,6998537,39.9086062452399,"Floresta Estacional Decidual","Estádio Médio de Regeneração",437,18,11,3,"FED"
"364","2101",106.92,70.47,55.08,34.02,180,180,254.558441227157,254.558441227157,450,0.1,1.755,5.298,0.286,0.512,1.585,2911,2998,3232,2822,176,19388,2121,1194,160,801,461379,6998462,25.3424657534247,"Floresta Estacional Decidual","Estádio Médio de Regeneração",438,30,12,3,"FED"
"365","2166",130.41,89.1,71.28,41.31,180,180,180,4155.62269702147,451,0.104,1.577,4.783,0.255,0.52,2.118,2932,3026,3595,2835,191,20076,2366,1141,182,389,234066,7000984,38.6005089058524,"Floresta Estacional Decidual","Estádio Médio de Regeneração",439,15,9,1,"FED"
"367","2172",120.69,68.85,59.13,38.88,180,180,180,180,453,0.103,1.783,3.88,0.287,0.52,2.6,2938,3033,3668,2840,193,20782,2430,1224,178,346,260529,7001403,29.7153024911032,"Floresta Estacional Decidual","Estádio Médio de Regeneração",441,26,12,1,"FED"
"368","2179",144.18,81,42.93,26.73,180,180,180,180,454,0.104,1.6,4.407,0.297,0.51,2.072,2938,3031,3591,2842,189,20022,2313,1217,170,343,291781,7001697,31.952211489578,"Floresta Estacional Decidual","Estádio Médio de Regeneração",442,24,13,1,"FED"
"369","2194",130.41,74.52,48.6,25.92,180,180,180,180,455,0.1,1.878,4.308,0.326,0.52,2.062,2921,3010,3397,2825,185,21696,2447,1391,144,692,363244,7002815,42.4657534246575,"Floresta Estacional Decidual","Estádio Médio de Regeneração",443,23,8,2,"FED"
"370","2195",250.29,138.51,80.19,40.5,180,180,180,201.246117974981,456,0.096,1.835,4.692,0.335,0.52,1.92,2911,2998,3264,2816,182,22513,2544,1447,145,840,367862,7002599,43.3290978398984,"Floresta Estacional Decidual","Estádio Médio de Regeneração",444,14,9,1,"FED"
"371","2216",244.62,135.27,76.95,31.59,180,180,180,180,457,0.096,1.913,5.117,0.291,0.522,1.737,2912,2999,3217,2823,176,18408,1998,1120,161,710,461150,7003378,42.4619289340102,"Floresta Estacional Decidual/Floresta Ombrófila Mista","Estádio Médio de Regeneração",445,15,10,1,"FED"
"372","2287",166.86,82.62,44.55,25.11,180,180,180,180,459,0.106,1.673,3.85,0.293,0.507,2.738,2935,3029,3621,2838,191,20390,2395,1194,180,269,260358,7006012,43.3511314518179,"Floresta Estacional Decidual","Estádio Médio de Regeneração",447,24,10,1,"FED"
"373","2294",255.96,166.86,96.39,29.16,180,180,180,180,460,0.102,1.842,4.187,0.292,0.53,1.965,2934,3025,3519,2839,186,19616,2274,1189,172,432,291739,7006971,51.5907355561211,"Floresta Estacional Decidual","Estádio Médio de Regeneração",448,25,9,1,"FED"
"374","2310",74.52,74.52,68.85,38.88,180,180,180,284.604989415154,461,0.092,1.768,4.128,0.345,0.52,2.115,2907,2994,3186,2815,179,23625,2678,1530,145,879,363172,7007828,29.7564687975647,"Floresta Estacional Decidual","Estádio Avançado de Regeneração",449,30,10,1,"FED"
"375","2406",269.73,133.65,88.29,45.36,180,180,180,13549.1106719223,462,0.101,2.002,3.968,0.313,0.53,2.362,2930,3022,3459,2836,186,20768,2417,1228,180,385,278138,7011882,51.6284987277354,"Floresta Estacional Decidual","Estádio Médio de Regeneração",450,24,9,2,"FED"
"376","2414",393.66,185.49,95.58,46.17,180,180,180,9467.12733620923,463,0.1,1.762,4.44,0.306,0.53,2.032,2934,3025,3482,2839,186,20306,2337,1277,161,440,313816,7012323,58.0030487804878,"Floresta Estacional Decidual","Estádio Avançado de Regeneração",451,28,9,1,"FED"
"378","2510",256.77,105.3,42.12,21.87,180,180,180,180,465,0.107,1.627,4.162,0.302,0.53,2.393,2932,3025,3506,2837,188,20309,2390,1142,184,433,233380,7015545,41.6772554002541,"Floresta Estacional Decidual","Estádio Médio de Regeneração",453,11,11,1,"FED"
"379","2512",127.17,47.79,45.36,32.4,180,180,180,254.558441227157,466,0.105,1.682,4.522,0.294,0.54,2.293,2930,3024,3491,2836,188,21753,2534,1236,180,444,242337,7015904,42.6279602750191,"Floresta Estacional Decidual/Floresta Ombrófila Mista","Estádio Médio de Regeneração",454,18,9,1,"FED"
"381","2530",210.6,119.88,89.91,38.07,180,180,2970,180,468,0.104,1.77,4.227,0.306,0.52,2.178,2926,3015,3347,2832,183,21539,2486,1382,156,547,322933,7017429,45.5170657157412,"Floresta Estacional Decidual","Estádio Médio de Regeneração",456,28,9,2,"FED"
"382","2531",238.14,128.79,85.05,53.46,180,180,180,3510,469,0.1,1.962,4.473,0.318,0.528,2.228,2924,3013,3342,2831,182,22657,2613,1469,154,535,327281,7017360,47.725540025413,"Floresta Estacional Decidual","Estádio Avançado de Regeneração",457,30,10,2,"FED"
"384","2987",295.65,133.65,74.52,44.55,180,201.246117974981,371.079506305589,5921.56229385455,472,0.096,1.712,4.657,0.321,0.52,1.865,2924,3009,3209,2836,173,22291,2548,1451,148,549,349292,7037756,39.2602040816327,"Floresta Estacional Decidual","Estádio Avançado de Regeneração",460,6,13,7,"FED"
"385","3001",801.9,400.95,241.38,123.12,360,1310.41978007049,1835.6470248934,2367.53035883386,473,0.103,2.013,4.908,0.348,0.5,1.81,2907,2990,3069,2819,171,17537,1923,1064,181,817,577053,7096256,97.6214833759591,"Floresta Ombrófila Mista","Estádio Avançado de Regeneração",461,20,10,7,"FOM"
"386","3002",801.9,400.95,241.38,123.12,360,1310.41978007049,1835.6470248934,2367.53035883386,474,0.105,1.865,5.077,0.331,0.492,1.755,2907,2990,3075,2819,171,17620,1932,1068,181,835,577011,7096705,99.156010230179,"Floresta Ombrófila Mista","Estádio Avançado de Regeneração",462,18,10,7,"FOM"
"387","3082",222.75,103.68,68.85,36.45,180,201.246117974981,201.246117974981,270,475,0.104,1.85,4.672,0.257,0.53,2.033,2931,3022,3358,2839,183,20227,2418,1101,191,547,260240,7041324,42.7770700636943,"Floresta Estacional Decidual","Estádio Médio de Regeneração",463,22,11,2,"FED"
"388","3097",25.92,25.92,25.92,25.92,201.246117974981,201.246117974981,201.246117974981,201.246117974981,476,0.109,1.755,4.478,0.261,0.53,2.112,2926,3013,3279,2836,177,19728,2289,1234,159,538,326939,7042293,22.2307104660046,"Floresta Estacional Decidual","Estádio Avançado de Regeneração",464,30,10,2,"FED"
"389","3309",142.56,123.12,75.33,41.31,180,324.499614791759,180,371.079506305589,478,0.107,1.757,5.013,0.289,0.53,1.86,2929,3017,3339,2839,178,23382,2751,1258,190,562,272983,7051350,39.0573248407643,"Floresta Estacional Decidual","Estádio Avançado de Regeneração",466,29,14,1,"FED"
"390","3414",151.47,72.09,56.7,34.02,180,180,180,180,479,0.106,2.015,5.538,0.271,0.535,1.635,2930,3018,3332,2840,178,18913,2247,1003,190,392,259192,7056491,25.6880733944954,"Floresta Estacional Decidual","Estádio Avançado de Regeneração",467,28,11,2,"FED"
"391","3416",85.86,68.85,54.27,38.07,180,180,180,254.558441227157,480,0.102,1.815,5.213,0.287,0.53,1.76,2927,3014,3275,2838,176,22116,2590,1175,189,547,268275,7056227,27.8103492225338,"Floresta Estacional Decidual","Estádio Médio de Regeneração",468,15,9,1,"FED"
"392","3427",275.4,139.32,99.63,47.79,180,180,15574.1612936299,180,481,0.104,1.672,5.267,0.279,0.52,1.7,2921,3005,3173,2832,173,21666,2531,1277,171,678,317882,7057519,39.4039735099338,"Floresta Estacional Decidual","Estádio Avançado de Regeneração",469,13,10,2,"FED"
"394","5000",130.41,115.02,91.53,55.89,201.246117974981,270,371.079506305589,2675.89237451733,486,0.101,1.587,5.447,0.289,0.51,1.567,2897,2986,3301,2807,179,21256,2227,1291,139,949,486523,6937030,41.8645780697322,"Floresta Ombrófila Mista","Estádio Avançado de Regeneração",474,25,10,4,"FOM"
"395","6001",488.43,174.15,123.93,66.42,180,284.604989415154,1127.69676775275,1465.09385364897,487,0.102,1.885,6.153,0.295,0.51,1.18,2909,2991,3060,2824,167,23511,2713,1213,184,900,271826,7088081,48.4398976982097,"Floresta Ombrófila Mista/Floresta Estacional Decidual","Estádio Avançado de Regeneração",475,28,10,2,"FOM"
"396","6002",488.43,123.12,72.09,38.88,180,180,201.246117974981,1465.09385364897,488,0.101,2.045,5.592,0.301,0.51,1.453,2912,2994,3089,2826,168,22784,2611,1176,183,860,271037,7085899,38.5699641209636,"Floresta Ombrófila Mista/Floresta Estacional Decidual","Estádio Avançado de Regeneração",476,18,10,2,"FOM"
"397","6003",252.72,137.7,90.72,51.84,180,180,180,2700,489,0.101,1.732,5.618,0.325,0.51,1.362,2911,2993,3050,2826,167,22554,2583,1170,183,870,270717,7077900,45.4034729315628,"Floresta Ombrófila Mista","Estádio Avançado de Regeneração",477,27,9,2,"FOM"
"398","6004",494.1,237.33,150.66,77.76,180,1620,2160,2700,490,0.1,1.815,5.313,0.34,0.515,1.598,2912,2994,3050,2827,167,22276,2557,1157,184,858,270456,7074337,75.607261569931,"Floresta Ombrófila Mista/Floresta Estacional Decidual","Estádio Avançado de Regeneração",478,12,11,2,"FOM"
"399","6005",243,177.39,126.36,60.75,180,180,402.492235949962,7780.70690875835,491,0.102,1.783,5.05,0.278,0.523,1.725,2923,3008,3188,2836,172,19937,2315,1032,186,715,262987,7069866,55.0702426564496,"Floresta Estacional Decidual","Estádio Avançado de Regeneração",479,20,8,2,"FED"
"400","7001",473.04,349.11,246.24,154.71,201.246117974981,201.246117974981,201.246117974981,201.246117974981,492,0.11,1.745,5.425,0.247,0.51,1.635,2918,3001,3134,2831,170,21375,2491,1286,164,712,343369,7071329,62.7170582226762,"Floresta Ombrófila Mista/Floresta Estacional Decidual","Estádio Avançado de Regeneração",480,29,11,3,"FOM"
"401","7002",473.04,349.11,246.24,154.71,201.246117974981,201.246117974981,201.246117974981,201.246117974981,493,0.105,1.768,5.285,0.264,0.51,1.617,2916,2999,3121,2830,169,21269,2476,1277,164,772,344080,7071835,72.9895328057187,"Floresta Ombrófila Mista/Floresta Estacional Decidual","Estádio Avançado de Regeneração",481,27,11,3,"FOM"
"402","8003",432.54,255.15,163.62,78.57,180,14310,14850,15390,494,0.109,1.992,4.275,0.21,0.5,2.702,2931,2988,2944,2870,118,18411,2483,880,302,249,743769,6931645,77.5644264780192,"Floresta Ombrófila Densa","Estádio Avançado de Regeneração",482,10,10,5,"FOD"
"403","8011",486.81,236.52,127.17,67.23,324.499614791759,180,180,180,497,0.105,2.325,3.7,0.319,0.48,3.025,2943,3018,3021,2865,153,21548,3245,932,394,17,719953,7119110,6.98924731182796,"Floresta Ombrófila Densa de Terras Baixas","Estádio Avançado de Regeneração",485,3,9,2,"FOD"
